Stock Name,Stock Symbol,Market
삼성전자,005930,KOSPI
SK하이닉스,000660,KOSPI
삼성바이오로직스,207940,KOSPI
LG에너지솔루션,373220,KOSPI
한화에어로스페이스,012450,KOSPI
현대차,005380,KOSPI
KB금융,105560,KOSPI
삼성전자우,005935,KOSPI
기아,000270,KOSPI
HD현대중공업,329180,KOSPI
셀트리온,068270,KOSPI
NAVER,035420,KOSPI
신한지주,055550,KOSPI
한화오션,042660,KOSPI
두산에너빌리티,034020,KOSPI
삼성물산,028260,KOSPI
현대모비스,012330,KOSPI
HMM,011200,KOSPI
HD한국조선해양,009540,KOSPI
메리츠금융지주,138040,KOSPI
POSCO홀딩스,005490,KOSPI
하나금융지주,086790,KOSPI
한국전력,015760,KOSPI
크래프톤,259960,KOSPI
삼성생명,032830,KOSPI
삼성화재,000810,KOSPI
카카오,035720,KOSPI
고려아연,010130,KOSPI
KT&G,033780,KOSPI
HD현대일렉트릭,267260,KOSPI
우리금융지주,316140,KOSPI
LG화학,051910,KOSPI
SK스퀘어,402340,KOSPI
현대로템,064350,KOSPI
삼성중공업,010140,KOSPI
KT,030200,KOSPI
SK이노베이션,096770,KOSPI
기업은행,024110,KOSPI
하이브,352820,KOSPI
LG전자,066570,KOSPI
삼성SDI,006400,KOSPI
SK텔레콤,017670,KOSPI
카카오뱅크,323410,KOSPI
LG,003550,KOSPI
삼성에스디에스,018260,KOSPI
SK,034730,KOSPI
LIG넥스원,079550,KOSPI
삼성전기,009150,KOSPI
한화시스템,272210,KOSPI
유한양행,000100,KOSPI
삼양식품,003230,KOSPI
포스코인터내셔널,047050,KOSPI
한국항공우주,047810,KOSPI
KODEX CD금리액티브(합성),459580,KOSPI
포스코퓨처엠,003670,KOSPI
한미반도체,042700,KOSPI
현대글로비스,086280,KOSPI
TIGER 미국S&P500,360750,KOSPI
대한항공,003490,KOSPI
미래에셋증권,006800,KOSPI
한진칼,180640,KOSPI
LS ELECTRIC,010120,KOSPI
HD현대마린솔루션,443060,KOSPI
아모레퍼시픽,090430,KOSPI
HD현대미포,010620,KOSPI
SK바이오팜,326030,KOSPI
KODEX 머니마켓액티브,488770,KOSPI
DB손해보험,005830,KOSPI
두산,000150,KOSPI
HD현대,267250,KOSPI
코웨이,021240,KOSPI
한화솔루션,009830,KOSPI
KODEX 200,069500,KOSPI
S-Oil,010950,KOSPI
LG유플러스,032640,KOSPI
맥쿼리인프라,088980,KOSPI
현대건설,000720,KOSPI
한국금융지주,071050,KOSPI
효성중공업,298040,KOSPI
현대차2우B,005387,KOSPI
NH투자증권,005940,KOSPI
LG씨엔에스,064400,KOSPI
삼성증권,016360,KOSPI
TIGER 미국나스닥100,133690,KOSPI
삼성카드,029780,KOSPI
LG생활건강,051900,KOSPI
한국타이어앤테크놀로지,161390,KOSPI
TIGER CD금리투자KIS(합성),357870,KOSPI
LS,006260,KOSPI
두산밥캣,241560,KOSPI
오리온,271560,KOSPI
넷마블,251270,KOSPI
KODEX 미국S&P500,379800,KOSPI
에이피알,278470,KOSPI
LG디스플레이,034220,KOSPI
삼성E&A,028050,KOSPI
카카오페이,377300,KOSPI
한화,000880,KOSPI
KODEX KOFR금리액티브(합성),423160,KOSPI
한미약품,128940,KOSPI
GS,078930,KOSPI
현대오토에버,307950,KOSPI
강원랜드,035250,KOSPI
키움증권,039490,KOSPI
한국가스공사,036460,KOSPI
SKC,011790,KOSPI
현대차우,005385,KOSPI
CJ,001040,KOSPI
LG이노텍,011070,KOSPI
CJ제일제당,097950,KOSPI
SK바이오사이언스,302440,KOSPI
엔씨소프트,036570,KOSPI
JB금융지주,175330,KOSPI
현대제철,004020,KOSPI
BNK금융지주,138930,KOSPI
포스코DX,022100,KOSPI
시프트업,462870,KOSPI
KODEX 종합채권(AA-이상)액티브,273130,KOSPI
TIGER 미국테크TOP10 INDXX,381170,KOSPI
두산로보틱스,454910,KOSPI
에코프로머티,450080,KOSPI
이수페타시스,007660,KOSPI
한화비전,489790,KOSPI
현대엘리베이터,017800,KOSPI
금호석유화학,011780,KOSPI
TIGER KOFR금리액티브(합성),449170,KOSPI
RISE 머니마켓액티브,455890,KOSPI
F&F,383220,KOSPI
농심,004370,KOSPI
KODEX 미국나스닥100,379810,KOSPI
롯데지주,004990,KOSPI
영원무역,111770,KOSPI
에스원,012750,KOSPI
롯데케미칼,011170,KOSPI
한화엔진,082740,KOSPI
TIGER 미국필라델피아반도체나스닥,381180,KOSPI
TIGER 200,102110,KOSPI
동서,026960,KOSPI
KCC,002380,KOSPI
한전기술,052690,KOSPI
서울보증보험,031210,KOSPI
이마트,139480,KOSPI
KODEX 200TR,278530,KOSPI
코스맥스,192820,KOSPI
대한전선,001440,KOSPI
KODEX 레버리지,122630,KOSPI
한온시스템,018880,KOSPI
한미사이언스,008930,KOSPI
한화생명,088350,KOSPI
KODEX CD1년금리플러스액티브(합성),481050,KOSPI
미스토홀딩스,081660,KOSPI
씨에스윈드,112610,KOSPI
롯데쇼핑,023530,KOSPI
ACE 미국30년국채액티브(H),453850,KOSPI
제일기획,030000,KOSPI
ACE 미국S&P500,360200,KOSPI
엘앤에프,066970,KOSPI
산일전기,062040,KOSPI
현대해상,001450,KOSPI
TIGER 미국배당다우존스,458730,KOSPI
한국콜마,161890,KOSPI
아시아나항공,020560,KOSPI
SK가스,018670,KOSPI
TIGER MSCI Korea TR,310970,KOSPI
팬오션,028670,KOSPI
KODEX 코스닥150레버리지,233740,KOSPI
아모레퍼시픽홀딩스,002790,KOSPI
호텔신라,008770,KOSPI
한전KPS,051600,KOSPI
동원산업,006040,KOSPI
DL이앤씨,375500,KOSPI
TIGER 차이나전기차SOLACTIVE,371460,KOSPI
신영증권,001720,KOSPI
CJ대한통운,000120,KOSPI
TIGER 25-10 회사채(A+이상)액티브,453540,KOSPI
iM금융지주,139130,KOSPI
코리안리,003690,KOSPI
DB하이텍,000990,KOSPI
BGF리테일,282330,KOSPI
더존비즈온,012510,KOSPI
HD현대인프라코어,042670,KOSPI
GS건설,006360,KOSPI
대웅제약,069620,KOSPI
풍산,103140,KOSPI
HDC현대산업개발,294870,KOSPI
신세계,004170,KOSPI
HL만도,204320,KOSPI
한국앤컴퍼니,000240,KOSPI
대우건설,047040,KOSPI
KODEX 단기채권PLUS,214980,KOSPI
오뚜기,007310,KOSPI
ACE 미국나스닥100,367380,KOSPI
SK아이이테크놀로지,361610,KOSPI
현대백화점,069960,KOSPI
영원무역홀딩스,009970,KOSPI
RISE 종합채권(A-이상)액티브,385540,KOSPI
일진전기,103590,KOSPI
녹십자,006280,KOSPI
에스엘,005850,KOSPI
HD현대마린엔진,071970,KOSPI
한솔케미칼,014680,KOSPI
SNT다이내믹스,003570,KOSPI
SK리츠,395400,KOSPI
한올바이오파마,009420,KOSPI
하이트진로,000080,KOSPI
OCI홀딩스,010060,KOSPI
KODEX 200선물인버스2X,252670,KOSPI
메리츠 KIS CD금리투자 ETN,610063,KOSPI
에스디바이오센서,137310,KOSPI
ACE KRX금현물,411060,KOSPI
HD현대건설기계,267270,KOSPI
금호타이어,073240,KOSPI
파라다이스,034230,KOSPI
TIGER 미국30년국채커버드콜액티브(H),476550,KOSPI
RISE 200,148020,KOSPI
ACE 테슬라밸류체인액티브,457480,KOSPI
DN오토모티브,007340,KOSPI
이수스페셜티케미컬,457190,KOSPI
KODEX 코스닥150,229200,KOSPI
가온전선,000500,KOSPI
SK오션플랜트,100090,KOSPI
한일시멘트,300720,KOSPI
HDC,012630,KOSPI
오리온홀딩스,001800,KOSPI
대웅,003090,KOSPI
GS리테일,007070,KOSPI
두산우,000155,KOSPI
KODEX 삼성그룹,102780,KOSPI
두산퓨얼셀,336260,KOSPI
TIGER 25-12 금융채(AA-이상),494900,KOSPI
현대지에프홀딩스,005440,KOSPI
롯데렌탈,089860,KOSPI
현대위아,011210,KOSPI
한국카본,017960,KOSPI
종근당,185750,KOSPI
경동나비엔,009450,KOSPI
RISE CD금리액티브(합성),477080,KOSPI
더블유게임즈,192080,KOSPI
LX인터내셔널,001120,KOSPI
LS에코에너지,229640,KOSPI
롯데에너지머티리얼즈,020150,KOSPI
다우기술,023590,KOSPI
롯데리츠,330590,KOSPI
TIGER 차이나항셍테크,371160,KOSPI
대신증권,003540,KOSPI
쿠쿠홀딩스,192400,KOSPI
STX엔진,077970,KOSPI
코스모신소재,005070,KOSPI
롯데웰푸드,280360,KOSPI
엠앤씨솔루션,484870,KOSPI
TIGER CD1년금리액티브(합성),475630,KOSPI
효성티앤씨,298020,KOSPI
KODEX 25-12 은행채(AAA)액티브,491080,KOSPI
하나 CD금리투자 ETN,700026,KOSPI
LX세미콘,108320,KOSPI
한샘,009240,KOSPI
ESR켄달스퀘어리츠,365550,KOSPI
1Q 머니마켓액티브,479080,KOSPI
KB발해인프라,415640,KOSPI
TIGER 미국배당다우존스타겟커버드콜2호,458760,KOSPI
TIGER TOP10,292150,KOSPI
RISE 미국S&P500,379780,KOSPI
미래에셋생명,085620,KOSPI
세아제강지주,003030,KOSPI
롯데칠성,005300,KOSPI
롯데정밀화학,004000,KOSPI
RISE 미국나스닥100,368590,KOSPI
SK케미칼,285130,KOSPI
효성,004800,KOSPI
세방전지,004490,KOSPI
태광산업,003240,KOSPI
동양생명,082640,KOSPI
SOL 조선TOP3플러스,466920,KOSPI
HS효성첨단소재,298050,KOSPI
SK네트웍스,001740,KOSPI
TIGER 종합채권(AA-이상)액티브,451540,KOSPI
한화투자증권,003530,KOSPI
삼성화재우,000815,KOSPI
동원시스템즈,014820,KOSPI
미원상사,002840,KOSPI
롯데관광개발,032350,KOSPI
교보증권,030610,KOSPI
NICE평가정보,030190,KOSPI
GKL,114090,KOSPI
코오롱인더,120110,KOSPI
SK디스커버리,006120,KOSPI
SNT에너지,100840,KOSPI
미원에스씨,268280,KOSPI
SNT모티브,064960,KOSPI
TIGER 단기통안채,157450,KOSPI
DL,000210,KOSPI
KODEX 25-11 은행채(AA-이상)PLUS액티브,476810,KOSPI
지역난방공사,071320,KOSPI
빙그레,005180,KOSPI
SOL 종합채권(AA-이상)액티브,436140,KOSPI
KIWOOM 200TR,294400,KOSPI
프레스티지바이오파마,950210,KOSPI
솔루엠,248070,KOSPI
태영건설,009410,KOSPI
KODEX 2차전지산업,305720,KOSPI
PLUS K방산,449450,KOSPI
SOL 미국배당다우존스,446720,KOSPI
CJ CGV,079160,KOSPI
동원F&B,049770,KOSPI
KODEX Top5PlusTR,315930,KOSPI
하나투어,039130,KOSPI
N2 KIS CD금리투자 ETN,550082,KOSPI
SOL 초단기채권액티브,469830,KOSPI
전진건설로봇,079900,KOSPI
DI동일,001530,KOSPI
TIGER 미국30년국채스트립액티브(합성 H),458250,KOSPI
PLUS 고배당주,161510,KOSPI
LG화학우,051915,KOSPI
ACE 종합채권(AA-이상)KIS액티브,356540,KOSPI
TIGER 미국나스닥100타겟데일리커버드콜,486290,KOSPI
대덕전자,353200,KOSPI
SK이터닉스,475150,KOSPI
TIGER 단기채권액티브,272580,KOSPI
대상,001680,KOSPI
보령,003850,KOSPI
TIGER 2차전지테마,305540,KOSPI
KODEX 미국S&P500(H),449180,KOSPI
이노션,214320,KOSPI
율촌화학,008730,KOSPI
미래에셋증권2우B,00680K,KOSPI
덴티움,145720,KOSPI
ACE 미국빅테크TOP7 Plus,465580,KOSPI
신한알파리츠,293940,KOSPI
케이카,381970,KOSPI
한화리츠,451800,KOSPI
세아베스틸지주,001430,KOSPI
SNT홀딩스,036530,KOSPI
KG모빌리티,003620,KOSPI
영풍,000670,KOSPI
동아쏘시오홀딩스,000640,KOSPI
PLUS 200,152100,KOSPI
N2 코스피 변동성 매칭형 양매도 ETN,550057,KOSPI
파미셀,005690,KOSPI
TKG휴켐스,069260,KOSPI
세진중공업,075580,KOSPI
NHN,181710,KOSPI
KODEX 미국빅테크10(H),314250,KOSPI
녹십자홀딩스,005250,KOSPI
키움 CD금리투자 ETN,760009,KOSPI
ACE 미국배당다우존스,402970,KOSPI
TIGER 리츠부동산인프라,329200,KOSPI
유안타증권,003470,KOSPI
금양,001570,KOSPI
유니드,014830,KOSPI
HJ중공업,097230,KOSPI
한국단자,025540,KOSPI
카프로,006380,KOSPI
넥센타이어,002350,KOSPI
현대홈쇼핑,057050,KOSPI
KODEX 반도체,091160,KOSPI
KODEX 단기채권,153130,KOSPI
TIGER 미국달러단기채권액티브,329750,KOSPI
쿠쿠홈시스,284740,KOSPI
TIGER Fn반도체TOP10,396500,KOSPI
KODEX 미국30년국채타겟커버드콜(합성 H),481060,KOSPI
LG전자우,066575,KOSPI
KODEX 인버스,114800,KOSPI
KODEX MSCI Korea TR,278540,KOSPI
KG스틸,016380,KOSPI
KODEX 국고채30년액티브,439870,KOSPI
현대그린푸드,453340,KOSPI
삼양홀딩스,000070,KOSPI
아이에스동서,010780,KOSPI
아세아,002030,KOSPI
케이씨텍,281820,KOSPI
LX홀딩스,383800,KOSPI
제주항공,089590,KOSPI
제이알글로벌리츠,348950,KOSPI
GS피앤엘,499790,KOSPI
PI첨단소재,178920,KOSPI
솔루스첨단소재,336370,KOSPI
HD현대에너지솔루션,322000,KOSPI
TIGER 인도니프티50,453870,KOSPI
F&F홀딩스,007700,KOSPI
코스모화학,005420,KOSPI
KB KIS CD금리투자 ETN,580058,KOSPI
대한유화,006650,KOSPI
한화손해보험,000370,KOSPI
엠씨넥스,097520,KOSPI
OCI,456040,KOSPI
퍼시스,016800,KOSPI
PLUS 머니마켓액티브,477050,KOSPI
JW중외제약,001060,KOSPI
KODEX 국고채3년,114260,KOSPI
대한해운,005880,KOSPI
KODEX 미국30년국채액티브(H),484790,KOSPI
한국쉘석유,002960,KOSPI
TIGER 미국달러SOFR금리액티브(합성),456610,KOSPI
TIGER 테슬라채권혼합Fn,447770,KOSPI
삼양사,145990,KOSPI
애경케미칼,161000,KOSPI
롯데손해보험,000400,KOSPI
풀무원,017810,KOSPI
바이오노트,377740,KOSPI
KCC글라스,344820,KOSPI
화승엔터프라이즈,241590,KOSPI
TIGER 미국테크TOP10타겟커버드콜,474220,KOSPI
남양유업,003920,KOSPI
TIGER 우량회사채액티브,438330,KOSPI
세아제강,306200,KOSPI
TIGER 200 IT,139260,KOSPI
일진하이솔루스,271940,KOSPI
E1,017940,KOSPI
진에어,272450,KOSPI
대신증권우,003545,KOSPI
KODEX 미국AI전력핵심인프라,487230,KOSPI
고려제강,002240,KOSPI
SPC삼립,005610,KOSPI
삼성 레버리지 WTI원유 선물 ETN,530031,KOSPI
KODEX 26-12 회사채(AA-이상)액티브,473290,KOSPI
KODEX 미국반도체,390390,KOSPI
KODEX 코스피,226490,KOSPI
한일홀딩스,003300,KOSPI
LF,093050,KOSPI
TCC스틸,002710,KOSPI
한화3우B,00088K,KOSPI
동아에스티,170900,KOSPI
KIWOOM 국고채10년,148070,KOSPI
RISE KIS국고채30년Enhanced,385560,KOSPI
KODEX 인도Nifty50,453810,KOSPI
신도리코,029530,KOSPI
코람코라이프인프라리츠,357120,KOSPI
스틱인베스트먼트,026890,KOSPI
티웨이항공,091810,KOSPI
삼천리,004690,KOSPI
KODEX 자동차,091180,KOSPI
쏘카,403550,KOSPI
비에이치,090460,KOSPI
SBS,034120,KOSPI
후성,093370,KOSPI
동국제강,460860,KOSPI
풍산홀딩스,005810,KOSPI
KODEX 미국나스닥100(H),449190,KOSPI
아세아시멘트,183190,KOSPI
KODEX 200타겟위클리커버드콜,498400,KOSPI
신풍제약,019170,KOSPI
TIMEFOLIO 글로벌AI인공지능액티브,456600,KOSPI
한국금융지주우,071055,KOSPI
명신산업,009900,KOSPI
ACE 200,105190,KOSPI
DS단석,017860,KOSPI
NICE,034310,KOSPI
디아이,003160,KOSPI
드림텍,192650,KOSPI
삼성FN리츠,448730,KOSPI
CJ4우(전환),00104K,KOSPI
현대차증권,001500,KOSPI
TIGER 미국S&P500(H),448290,KOSPI
아모레퍼시픽우,090435,KOSPI
콜마홀딩스,024720,KOSPI
KB스타리츠,432320,KOSPI
한세실업,105630,KOSPI
맵스리얼티1,094800,KOSPI
KIWOOM 종합채권(AA-이상)액티브,454780,KOSPI
KODEX 미국배당커버드콜액티브,441640,KOSPI
영진약품,003520,KOSPI
더본코리아,475560,KOSPI
대한제강,084010,KOSPI
세아홀딩스,058650,KOSPI
RISE 미국30년국채엔화노출(합성 H),472870,KOSPI
한전산업,130660,KOSPI
신한 레버리지 WTI원유 선물 ETN(H),500019,KOSPI
KODEX 미국AI테크TOP10타겟커버드콜,483280,KOSPI
지누스,013890,KOSPI
TIGER 2차전지소재Fn,462010,KOSPI
신성통상,005390,KOSPI
넥스틸,092790,KOSPI
흥아해운,003280,KOSPI
TIGER 머니마켓액티브,0043B0,KOSPI
KODEX 국고채10년액티브,471230,KOSPI
애경산업,018250,KOSPI
YG PLUS,037270,KOSPI
조광피혁,004700,KOSPI
KIWOOM 200,069660,KOSPI
TIGER 미국나스닥100커버드콜(합성),441680,KOSPI
ACE 미국S&P500채권혼합액티브,438080,KOSPI
KODEX 미국달러SOFR금리액티브(합성),455030,KOSPI
신세계인터내셔날,031430,KOSPI
TIGER CD금리플러스액티브(합성),499660,KOSPI
사조대림,003960,KOSPI
HANARO 200,293180,KOSPI
KODEX 선진국MSCI World,251350,KOSPI
남해화학,025860,KOSPI
현대퓨처넷,126560,KOSPI
BGF,027410,KOSPI
RISE 200위클리커버드콜,475720,KOSPI
신대양제지,016590,KOSPI
HL홀딩스,060980,KOSPI
부국증권,001270,KOSPI
이아이디,093230,KOSPI
PLUS 종합채권(AA-이상)액티브,451000,KOSPI
현대차3우B,005389,KOSPI
한섬,020000,KOSPI
대상홀딩스,084690,KOSPI
SGC에너지,005090,KOSPI
TIGER 은행고배당플러스TOP10,466940,KOSPI
TIGER 미국필라델피아AI반도체나스닥,497570,KOSPI
RISE 단기통안채,196230,KOSPI
농심홀딩스,072710,KOSPI
KODEX 은행,091170,KOSPI
일동제약,249420,KOSPI
한국철강,104700,KOSPI
ACE 글로벌반도체TOP4 Plus SOLACTIVE,446770,KOSPI
현대코퍼레이션,011760,KOSPI
KODEX 미국배당다우존스,489250,KOSPI
KODEX 27-12 회사채(AA-이상)액티브,0007F0,KOSPI
한투 KIS CD금리투자 ETN,570090,KOSPI
SOL 미국AI소프트웨어,481180,KOSPI
TIGER 27-04회사채(A+이상)액티브,480260,KOSPI
두산2우B,000157,KOSPI
KODEX ESG종합채권(A-이상)액티브,439860,KOSPI
해성디에스,195870,KOSPI
유나이티드제약,033270,KOSPI
KISCO홀딩스,001940,KOSPI
TIGER 미국테크TOP10 INDXX(H),472160,KOSPI
TIMEFOLIO 미국나스닥100액티브,426030,KOSPI
백산,035150,KOSPI
TIGER 미국S&P500타겟데일리커버드콜,482730,KOSPI
서연이화,200880,KOSPI
한일현대시멘트,006390,KOSPI
KODEX 테슬라커버드콜채권혼합액티브,475080,KOSPI
수산인더스트리,126720,KOSPI
INVENI,015360,KOSPI
넥센,005720,KOSPI
국도화학,007690,KOSPI
아세아제지,002310,KOSPI
엘브이엠씨홀딩스,900140,KOSPI
대원제약,003220,KOSPI
이리츠코크렙,088260,KOSPI
제주은행,006220,KOSPI
KIWOOM 머니마켓액티브,476450,KOSPI
코오롱,002020,KOSPI
대동,000490,KOSPI
한진,002320,KOSPI
삼아알미늄,006110,KOSPI
KODEX 미국30년국채울트라선물(H),304660,KOSPI
한국자산신탁,123890,KOSPI
신성이엔지,011930,KOSPI
SIMPAC,009160,KOSPI
디앤디플랫폼리츠,377190,KOSPI
케이씨,029460,KOSPI
롯데이노베이트,286940,KOSPI
송원산업,004430,KOSPI
광동제약,009290,KOSPI
KODEX 미국달러선물인버스2X,261260,KOSPI
모토닉,009680,KOSPI
RISE 글로벌자산배분액티브,461490,KOSPI
SOL 미국배당미국채혼합50,490490,KOSPI
유진투자증권,001200,KOSPI
LS네트웍스,000680,KOSPI
1Q CD금리액티브(합성),491610,KOSPI
KODEX 한국부동산리츠인프라,476800,KOSPI
RISE KOFR금리액티브(합성),479520,KOSPI
화신,010690,KOSPI
부광약품,003000,KOSPI
한국토지신탁,034830,KOSPI
TIGER 2차전지TOP10,364980,KOSPI
TIGER 조선TOP10,494670,KOSPI
KODEX 골드선물(H),132030,KOSPI
NH투자증권우,005945,KOSPI
서울가스,017390,KOSPI
DB증권,016610,KOSPI
삼성 인버스 2X 천연가스 선물 ETN C,530102,KOSPI
KPX홀딩스,092230,KOSPI
KODEX 미국나스닥100데일리커버드콜OTM,494300,KOSPI
휴스틸,005010,KOSPI
삼성 인버스 2X 코스닥150 선물 ETN,530107,KOSPI
삼영무역,002810,KOSPI
자화전자,033240,KOSPI
아이마켓코리아,122900,KOSPI
잇츠한불,226320,KOSPI
KG케미칼,001390,KOSPI
ACE CD금리&초단기채권액티브,487340,KOSPI
TIGER 미국나스닥100(H),448300,KOSPI
SOL AI반도체소부장,455850,KOSPI
LX하우시스,108670,KOSPI
TIGER 중장기국채,302190,KOSPI
삼일제약,000520,KOSPI
제이에스코퍼레이션,194370,KOSPI
TIGER 26-04 회사채(A+이상)액티브,0001S0,KOSPI
KODEX 미국종합채권ESG액티브(H),437080,KOSPI
TIGER 글로벌자율주행&전기차SOLACTIVE,394660,KOSPI
대덕,008060,KOSPI
TYM,002900,KOSPI
DB,012030,KOSPI
LG생활건강우,051905,KOSPI
KODEX 미국서학개미,473460,KOSPI
KODEX 200액티브,494890,KOSPI
PKC,001340,KOSPI
화승인더,006060,KOSPI
삼화콘덴서,001820,KOSPI
SOL 미국30년국채커버드콜(합성),473330,KOSPI
일양약품,007570,KOSPI
세방,004360,KOSPI
교촌에프앤비,339770,KOSPI
미래에셋 레버리지 원유선물혼합 ETN(H),520009,KOSPI
흥국화재,000540,KOSPI
코오롱ENP,138490,KOSPI
대한제당,001790,KOSPI
알루코,001780,KOSPI
CR홀딩스,000480,KOSPI
종근당홀딩스,001630,KOSPI
SK증권,001510,KOSPI
이지스밸류리츠,334890,KOSPI
SOL 미국배당다우존스(H),452360,KOSPI
TIGER 일본니케이225,241180,KOSPI
삼성 레버리지 천연가스 선물 ETN C,530111,KOSPI
삼진제약,005500,KOSPI
에어부산,298690,KOSPI
코리아써키트,007810,KOSPI
동국홀딩스,001230,KOSPI
일성아이에스,003120,KOSPI
KODEX 금융고배당TOP10타겟위클리커버드콜,498410,KOSPI
ACE 국고채10년,365780,KOSPI
TIGER 글로벌AI액티브,466950,KOSPI
RISE 수소경제테마,367770,KOSPI
한화갤러리아,452260,KOSPI
1Q 단기금융채액티브,463290,KOSPI
ACE 베트남VN30(합성),245710,KOSPI
JW홀딩스,096760,KOSPI
대원강업,000430,KOSPI
HDC랩스,039570,KOSPI
ACE 엔비디아밸류체인액티브,483320,KOSPI
대한제분,001130,KOSPI
TIGER 반도체,091230,KOSPI
SOL 26-12 회사채(AA-이상)액티브,488980,KOSPI
포스코스틸리온,058430,KOSPI
KIWOOM 인도Nifty50(합성),200250,KOSPI
TIGER 헬스케어,143860,KOSPI
KODEX TRF3070,329650,KOSPI
광주신세계,037710,KOSPI
대원전선,006340,KOSPI
한국화장품제조,003350,KOSPI
한농화성,011500,KOSPI
도화엔지니어링,002150,KOSPI
사조산업,007160,KOSPI
RISE 비메모리반도체액티브,388420,KOSPI
KSS해운,044450,KOSPI
진원생명과학,011000,KOSPI
KODEX TDF2050액티브,434060,KOSPI
KODEX 단기변동금리부채권액티브,273140,KOSPI
KODEX 미국나스닥100레버리지(합성 H),409820,KOSPI
동양철관,008970,KOSPI
일신방직,003200,KOSPI
ACE 미국나스닥100채권혼합액티브,438100,KOSPI
KODEX 장기종합채권(AA-이상)액티브,363570,KOSPI
성신양회,004980,KOSPI
KPX케미칼,025000,KOSPI
서흥,008490,KOSPI
TIGER 화장품,228790,KOSPI
삼영전자,005680,KOSPI
KODEX 코스닥150선물인버스,251340,KOSPI
대성에너지,117580,KOSPI
GS글로벌,001250,KOSPI
HANARO Fn K-반도체,395270,KOSPI
무학,033920,KOSPI
ACE 미국달러SOFR금리(합성),456880,KOSPI
KODEX AI반도체,395160,KOSPI
모나용평,070960,KOSPI
토니모리,214420,KOSPI
ACE 26-06 회사채(AA-이상)액티브,461270,KOSPI
코람코더원리츠,417310,KOSPI
환인제약,016580,KOSPI
BYC,001460,KOSPI
삼익THK,004380,KOSPI
SOL 200TR,295040,KOSPI
RISE 200TR,361580,KOSPI
TIGER 미국투자등급회사채액티브(H),458260,KOSPI
TIGER 미국테크TOP10채권혼합,472170,KOSPI
스카이라이프,053210,KOSPI
에이프로젠,007460,KOSPI
이월드,084680,KOSPI
노루홀딩스,000320,KOSPI
동아지질,028100,KOSPI
일진홀딩스,015860,KOSPI
KODEX AI전력핵심설비,487240,KOSPI
하나제약,293480,KOSPI
TIGER 글로벌리튬&2차전지SOLACTIVE(합성),394670,KOSPI
그린케미칼,083420,KOSPI
삼양패키징,272550,KOSPI
RISE ESG사회책임투자,290130,KOSPI
다올투자증권,030210,KOSPI
조일알미늄,018470,KOSPI
선진,136490,KOSPI
동성케미컬,102260,KOSPI
서연,007860,KOSPI
대교,019680,KOSPI
웅진씽크빅,095720,KOSPI
하이트진로홀딩스,000140,KOSPI
한솔제지,213500,KOSPI
LG헬로비전,037560,KOSPI
이연제약,102460,KOSPI
경방,000050,KOSPI
TIGER 미국필라델피아반도체레버리지(합성),423920,KOSPI
해태제과식품,101530,KOSPI
신한서부티엔디리츠,404990,KOSPI
WON 전단채플러스액티브,496020,KOSPI
신원,009270,KOSPI
JW생명과학,234080,KOSPI
디아이씨,092200,KOSPI
콘텐트리중앙,036420,KOSPI
동국씨엠,460850,KOSPI
TIGER 미국나스닥100채권혼합Fn,435420,KOSPI
퍼스텍,010820,KOSPI
한투 레버리지 S&P500 선물 ETN(H),570022,KOSPI
한양증권,001750,KOSPI
삼화전기,009470,KOSPI
경농,002100,KOSPI
TIGER 차이나CSI300,192090,KOSPI
제일약품,271980,KOSPI
에이블씨엔씨,078520,KOSPI
CJ제일제당 우,097955,KOSPI
KIWOOM CD금리액티브(합성),458210,KOSPI
KODEX 차이나항셍테크,372330,KOSPI
SOL 미국테크TOP10,481190,KOSPI
우진,105840,KOSPI
일신석재,007110,KOSPI
TIGER 삼성그룹펀더멘털,138520,KOSPI
롯데하이마트,071840,KOSPI
현대비앤지스틸,004560,KOSPI
TIGER 미국나스닥100레버리지(합성),418660,KOSPI
RISE 25-11 회사채(AA-이상)액티브,448600,KOSPI
동화약품,000020,KOSPI
SOL 미국AI전력인프라,486450,KOSPI
무림P&P,009580,KOSPI
한미글로벌,053690,KOSPI
삼성출판사,068290,KOSPI
계룡건설,013580,KOSPI
KODEX 코리아밸류업,495850,KOSPI
미창석유,003650,KOSPI
일진다이아,081000,KOSPI
LG우,003555,KOSPI
KODEX 미국머니마켓액티브,0048J0,KOSPI
미원홀딩스,107590,KOSPI
미원화학,134380,KOSPI
TIGER 코스피,277630,KOSPI
진양홀딩스,100250,KOSPI
ACE 미국빅테크7+데일리타겟커버드콜(합성),480020,KOSPI
대신증권2우B,003547,KOSPI
신세계 I&C,035510,KOSPI
KODEX 미국배당다우존스타겟커버드콜,483290,KOSPI
ACE 엔비디아채권혼합블룸버그,448540,KOSPI
한솔테크닉스,004710,KOSPI
한국공항,005430,KOSPI
노루페인트,090350,KOSPI
신한 인버스0.5X S&P500 VIX S/T선물 ETN,500077,KOSPI
코오롱글로벌,003070,KOSPI
SK디앤디,210980,KOSPI
AJ네트웍스,095570,KOSPI
KODEX 25-11 회사채(A+이상)액티브,467940,KOSPI
KODEX 2차전지산업레버리지,462330,KOSPI
오리엔트바이오,002630,KOSPI
삼성SDI우,006405,KOSPI
CJ우,001045,KOSPI
대한화섬,003830,KOSPI
남선알미늄,008350,KOSPI
DH오토넥스,000300,KOSPI
대창단조,015230,KOSPI
TIGER 국고채30년스트립액티브,451530,KOSPI
방림,003610,KOSPI
TIGER 코리아밸류업,496080,KOSPI
삼화페인트,000390,KOSPI
TIGER 미국AI빅테크10타겟데일리커버드콜,493810,KOSPI
NH올원리츠,400760,KOSPI
대영포장,014160,KOSPI
HK 종합채권(AA-이상)액티브,472920,KOSPI
RISE 단기국공채액티브,272560,KOSPI
금호석유화학우,011785,KOSPI
삼성전기우,009155,KOSPI
한독,002390,KOSPI
인스코비,006490,KOSPI
TIGER 미국채10년선물,305080,KOSPI
강남제비스코,000860,KOSPI
대동전자,008110,KOSPI
현대리바트,079430,KOSPI
한국제지,027970,KOSPI
한국주철관,000970,KOSPI
KIWOOM 미국양자컴퓨팅,498270,KOSPI
PLUS 한화그룹주,0000J0,KOSPI
한국석유,004090,KOSPI
조선내화,462520,KOSPI
KODEX 미국S&P500선물(H),219480,KOSPI
NPC,004250,KOSPI
이지스레지던스리츠,350520,KOSPI
KoAct 바이오헬스케어액티브,462900,KOSPI
RISE 단기채권알파액티브,385550,KOSPI
대성산업,128820,KOSPI
태림포장,011280,KOSPI
TIGER 미국배당다우존스타겟데일리커버드콜,0008S0,KOSPI
ACE 미국500데일리타겟커버드콜(합성),480030,KOSPI
RISE 국고채10년액티브,481430,KOSPI
한세예스24홀딩스,016450,KOSPI
RISE 국고채3년,114100,KOSPI
유니켐,011330,KOSPI
벽산,007210,KOSPI
한진중공업홀딩스,003480,KOSPI
HLB글로벌,003580,KOSPI
아주스틸,139990,KOSPI
사조동아원,008040,KOSPI
평화홀딩스,010770,KOSPI
1Q 현대차그룹채권(A+이상)&국고통안,492500,KOSPI
효성화학,298000,KOSPI
삼성물산우B,02826K,KOSPI
TIGER 미국S&P500선물(H),143850,KOSPI
삼양통상,002170,KOSPI
한투 코스피 양매도 5% OTM ETN,570019,KOSPI
신라교역,004970,KOSPI
TIGER 바이오TOP10,364970,KOSPI
웅진,016880,KOSPI
TIGER 미국S&P500동일가중,488500,KOSPI
KEC,092220,KOSPI
KODEX 바이오,244580,KOSPI
HS효성,487570,KOSPI
태경산업,015890,KOSPI
메리츠 3X 레버리지 국채30년 ETN,610061,KOSPI
디씨엠,024090,KOSPI
삼성 인버스 2X WTI원유 선물 ETN,530036,KOSPI
KODEX 차이나CSI300,283580,KOSPI
SOL 미국S&P500,433330,KOSPI
유수홀딩스,000700,KOSPI
ACE 미국WideMoat동일가중,309230,KOSPI
이구산업,025820,KOSPI
SOL 중단기회사채(A-이상)액티브,0016X0,KOSPI
S-Oil우,010955,KOSPI
AK홀딩스,006840,KOSPI
삼성제약,001360,KOSPI
효성ITX,094280,KOSPI
삼영,003720,KOSPI
금호에이치티,214330,KOSPI
유화증권,003460,KOSPI
TIGER 코스닥150,232080,KOSPI
디와이파워,210540,KOSPI
신흥,004080,KOSPI
페이퍼코리아,001020,KOSPI
KIWOOM 26-09회사채(AA-이상)액티브,464240,KOSPI
일성건설,013360,KOSPI
한투 인버스 2X 코스닥150선물 ETN,570082,KOSPI
에스엠벡셀,010580,KOSPI
경인양행,012610,KOSPI
태경케미컬,006890,KOSPI
자이에스앤디,317400,KOSPI
아모레퍼시픽홀딩스3우C,00279K,KOSPI
TIGER 인도빌리언컨슈머,479730,KOSPI
TIGER 미디어컨텐츠,228810,KOSPI
동양,001520,KOSPI
우신시스템,017370,KOSPI
금강공업,014280,KOSPI
RISE 25-06 은행채(AA+이상)액티브,483230,KOSPI
유니퀘스트,077500,KOSPI
TIGER 글로벌혁신블루칩TOP10,464930,KOSPI
TIGER 차이나과창판STAR50(합성),414780,KOSPI
코오롱모빌리티그룹,450140,KOSPI
파워 종합채권(AA-이상)액티브,498180,KOSPI
인바이오젠,101140,KOSPI
경동인베스트,012320,KOSPI
에이프로젠바이오로직스,003060,KOSPI
신세계푸드,031440,KOSPI
태경비케이,014580,KOSPI
아시아나IDT,267850,KOSPI
TIGER 200 중공업,139230,KOSPI
대성홀딩스,016710,KOSPI
ACE 미국30년국채액티브,476760,KOSPI
KH 필룩스,033180,KOSPI
TIGER 미국MSCI리츠(합성 H),182480,KOSPI
KODEX 200미국채혼합,284430,KOSPI
RISE 중기우량회사채,136340,KOSPI
제일파마홀딩스,002620,KOSPI
한국무브넥스,010100,KOSPI
삼성공조,006660,KOSPI
RISE 코스피,302450,KOSPI
경보제약,214390,KOSPI
조선선재,120030,KOSPI
코스맥스비티아이,044820,KOSPI
KODEX 미국AI테크TOP10,485540,KOSPI
종근당바이오,063160,KOSPI
TIGER 골드선물(H),319640,KOSPI
HK 26-12 회사채(AA-이상)액티브,0000Y0,KOSPI
KODEX 로봇액티브,445290,KOSPI
RISE 국고채3년선물인버스,282000,KOSPI
샘표,007540,KOSPI
SJG세종,033530,KOSPI
DKME,015590,KOSPI
이수화학,005950,KOSPI
KTcs,058850,KOSPI
KODEX 은선물(H),144600,KOSPI
키다리스튜디오,020120,KOSPI
씨케이솔루션,480370,KOSPI
1Q K200액티브,451060,KOSPI
휴니드,005870,KOSPI
ACE KPOP포커스,475050,KOSPI
동남합성,023450,KOSPI
TIGER BBIG,364960,KOSPI
극동유화,014530,KOSPI
KCTC,009070,KOSPI
대호에이엘,069460,KOSPI
샘표식품,248170,KOSPI
텔코웨어,078000,KOSPI
HDC현대EP,089470,KOSPI
KODEX 미국나스닥100선물(H),304940,KOSPI
TIGER K방산&우주,463250,KOSPI
SOL 25-09 회사채(AA-이상)액티브,462540,KOSPI
유한양행우,000105,KOSPI
대창,012800,KOSPI
동방,004140,KOSPI
HS애드,035000,KOSPI
세아특수강,019440,KOSPI
수산세보틱스,017550,KOSPI
에이플러스에셋,244920,KOSPI
1Q 25-08 회사채(A+이상)액티브,466400,KOSPI
티와이홀딩스,363280,KOSPI
RISE 2차전지TOP10인버스(합성),465350,KOSPI
아남전자,008700,KOSPI
TIGER 미국AI빅테크10,490090,KOSPI
한국수출포장,002200,KOSPI
HANARO 25-12 은행채(AA+이상)액티브,489570,KOSPI
삼익악기,002450,KOSPI
진흥기업,002780,KOSPI
만호제강,001080,KOSPI
한투 나스닥 100 ETN,570051,KOSPI
RISE IT플러스,326240,KOSPI
ACE 미국30년국채엔화노출액티브(H),476750,KOSPI
KODEX 2차전지핵심소재10,461950,KOSPI
TIGER 소프트웨어,157490,KOSPI
미래에셋글로벌리츠,396690,KOSPI
TIMEFOLIO 글로벌우주테크&방산액티브,478150,KOSPI
ACE 중국본토CSI300,168580,KOSPI
한국화장품,123690,KOSPI
인천도시가스,034590,KOSPI
CJ씨푸드,011150,KOSPI
경동도시가스,267290,KOSPI
신일전자,002700,KOSPI
신한 레버리지 은 선물 ETN(H),500029,KOSPI
부산산업,011390,KOSPI
현대약품,004310,KOSPI
BNK 26-06 특수채(AAA이상)액티브,495710,KOSPI
광전자,017900,KOSPI
ACE 11월만기자동연장회사채AA-이상액티브,473440,KOSPI
TIGER 미국S&P500배당귀족,429000,KOSPI
마이티 26-09 특수채(AAA)액티브,465780,KOSPI
금호건설,002990,KOSPI
디와이,013570,KOSPI
KODEX 메타버스액티브,401470,KOSPI
KIWOOM 25-09 회사채(AA-이상)액티브,489870,KOSPI
TIMEFOLIO K바이오액티브,463050,KOSPI
TIGER 미국다우존스30,245340,KOSPI
KIWOOM 단기자금,130730,KOSPI
RISE 글로벌원자력,442320,KOSPI
한솔홀딩스,004150,KOSPI
동부건설,005960,KOSPI
크라운제과,264900,KOSPI
KODEX AI반도체핵심장비,471990,KOSPI
한투 S&P500 선물 ETN,570050,KOSPI
동일산업,004890,KOSPI
KIWOOM 단기채권ESG액티브,419890,KOSPI
TIGER 글로벌AI플랫폼액티브,412770,KOSPI
동일고무벨트,163560,KOSPI
현대코퍼레이션홀딩스,227840,KOSPI
TIGER 여행레저,228800,KOSPI
PLUS 국공채머니마켓액티브,491230,KOSPI
와이투솔루션,011690,KOSPI
KTis,058860,KOSPI
한국특강,007280,KOSPI
모나리자,012690,KOSPI
미래에셋 인버스 2X 코스닥150 선물 ETN,520057,KOSPI
HS화성,002460,KOSPI
KODEX 삼성그룹밸류,213610,KOSPI
휴비스,079980,KOSPI
신영와코루,005800,KOSPI
SOL 2차전지소부장Fn,455860,KOSPI
RISE 2차전지액티브,422420,KOSPI
두올,016740,KOSPI
국제약품,002720,KOSPI
세이브존I&C,067830,KOSPI
SOL 국고채10년,438570,KOSPI
STX,011810,KOSPI
PLUS 코스피TR,328370,KOSPI
KODEX 신재생에너지액티브,385510,KOSPI
KODEX 미국S&P500데일리커버드콜OTM,0005A0,KOSPI
TIGER TDF2045,0025N0,KOSPI
태양금속,004100,KOSPI
삼원강재,023000,KOSPI
RISE 메타버스,401170,KOSPI
화승코퍼레이션,013520,KOSPI
신한 블룸버그 2X 천연가스 선물 ETN,500082,KOSPI
NI스틸,008260,KOSPI
한신기계,011700,KOSPI
신한 레버리지 금 선물 ETN,500037,KOSPI
TIMEFOLIO Korea플러스배당액티브,441800,KOSPI
사조씨푸드,014710,KOSPI
RISE 미국S&P500(H),453330,KOSPI
TIGER 미국초단기(3개월이하)국채,0046A0,KOSPI
성창기업지주,000180,KOSPI
ACE 미국빅테크TOP7 Plus레버리지(합성),465610,KOSPI
KODEX 미국S&P500버퍼3월액티브,0026E0,KOSPI
한국내화,010040,KOSPI
동인기연,111380,KOSPI
ACE 미국주식베스트셀러,473590,KOSPI
TIGER 배당커버드콜액티브,472150,KOSPI
황금에스티,032560,KOSPI
평화산업,090080,KOSPI
인지컨트롤스,023800,KOSPI
KODEX 배당가치,325020,KOSPI
덕성,004830,KOSPI
조흥,002600,KOSPI
HANARO 200TR,332930,KOSPI
RISE 코스닥150,270810,KOSPI
크라운해태홀딩스,005740,KOSPI
HL D&I,014790,KOSPI
제일연마,001560,KOSPI
한신공영,004960,KOSPI
화천기계,010660,KOSPI
ACE 8월만기자동연장회사채AA-이상액티브,475280,KOSPI
N2 레버리지 S&P500 ETN,550044,KOSPI
TIGER 중국소비테마,150460,KOSPI
ACE 단기통안채,190620,KOSPI
KODEX 삼성전자채권혼합,448330,KOSPI
HANARO 종합채권(AA-이상)액티브,461500,KOSPI
TIGER 글로벌4차산업혁신기술(합성 H),275980,KOSPI
영보화학,014440,KOSPI
TIGER Fn메타버스,400970,KOSPI
무림페이퍼,009200,KOSPI
PLUS 고배당주위클리커버드콜,489030,KOSPI
세원정공,021820,KOSPI
디와이덕양,024900,KOSPI
KODEX 성장주,325010,KOSPI
TIGER 국채3년,114820,KOSPI
신송홀딩스,006880,KOSPI
DRB동일,004840,KOSPI
삼호개발,010960,KOSPI
NH프라임리츠,338100,KOSPI
TIGER 200TR,310960,KOSPI
CS홀딩스,000590,KOSPI
TIGER 차이나CSI300레버리지(합성),204480,KOSPI
팜스코,036580,KOSPI
KODEX 증권,102970,KOSPI
한투 블룸버그 인버스 2X 천연가스선물 ETN,570084,KOSPI
KODEX 미국10년국채선물,308620,KOSPI
삼화왕관,004450,KOSPI
대현,016090,KOSPI
남광토건,001260,KOSPI
하나 Solactive 2X US Tech Top 10 ETN(H),700023,KOSPI
동방아그로,007590,KOSPI
깨끗한나라,004540,KOSPI
하이스틸,071090,KOSPI
KODEX TRF5050,329660,KOSPI
TIGER 글로벌AI&로보틱스 INDXX,464310,KOSPI
TIGER 200선물레버리지,267770,KOSPI
RISE 버크셔포트폴리오TOP10,475350,KOSPI
미래에셋증권우,006805,KOSPI
사조오양,006090,KOSPI
HANARO 원자력iSelect,434730,KOSPI
TIGER 글로벌온디바이스AI,480310,KOSPI
PLUS 고배당주채권혼합,251600,KOSPI
형지엘리트,093240,KOSPI
ACE 미국반도체데일리타겟커버드콜(합성),480040,KOSPI
한컴라이프케어,372910,KOSPI
삼부토건,001470,KOSPI
ACE 미국30년국채선물레버리지(합성 H),452250,KOSPI
남양유업우,003925,KOSPI
엑시큐어하이트론,019490,KOSPI
SG글로벌,001380,KOSPI
RISE AI&로봇,469070,KOSPI
호전실업,111110,KOSPI
인터지스,129260,KOSPI
한투 인버스2X 나스닥100 ETN B,570103,KOSPI
KIWOOM 미국S&P500,449770,KOSPI
HANARO Fn조선해운,441540,KOSPI
1Q 미국S&P500,0026S0,KOSPI
유유제약,000220,KOSPI
TIGER 인터넷TOP10,365000,KOSPI
HANARO 머니마켓액티브,486830,KOSPI
아이티센씨티에스,031820,KOSPI
진양산업,003780,KOSPI
한화솔루션우,009835,KOSPI
KB 레버리지 나스닥 100 ETN,580015,KOSPI
TIGER 글로벌비만치료제TOP2Plus,476690,KOSPI
대구백화점,006370,KOSPI
지엠비코리아,013870,KOSPI
삼성 레버리지 금 선물 ETN(H),530055,KOSPI
팜젠사이언스,004720,KOSPI
TIGER 차이나테크TOP10,0047A0,KOSPI
성안머티리얼스,011300,KOSPI
비상교육,100220,KOSPI
WON 25-09 회사채(AA-이상)액티브,468820,KOSPI
KODEX 반도체레버리지,494310,KOSPI
유니온,000910,KOSPI
SK이노베이션우,096775,KOSPI
인디에프,014990,KOSPI
TIGER 일본엔선물,292560,KOSPI
KODEX 헬스케어,266420,KOSPI
티웨이홀딩스,004870,KOSPI
동성제약,002210,KOSPI
SOL 미국S&P500ESG,399110,KOSPI
대양금속,009190,KOSPI
기신정기,092440,KOSPI
보해양조,000890,KOSPI
PLUS 신흥국MSCI(합성 H),195980,KOSPI
조광페인트,004910,KOSPI
일동홀딩스,000230,KOSPI
쌍방울,102280,KOSPI
미래에셋맵스리츠,357250,KOSPI
TIGER 현대차그룹+펀더멘털,138540,KOSPI
신한 WTI원유 선물 ETN(H),500015,KOSPI
삼화전자,011230,KOSPI
SK우,03473K,KOSPI
고려산업,002140,KOSPI
TP,007980,KOSPI
광명전기,017040,KOSPI
유니온머티리얼,047400,KOSPI
TIGER AI반도체핵심공정,471760,KOSPI
대림바스,005750,KOSPI
신한글로벌액티브리츠,481850,KOSPI
마니커,027740,KOSPI
TIGER 미국배당다우존스타겟커버드콜1호,458750,KOSPI
동원금속,018500,KOSPI
KODEX 미국달러선물인버스,261270,KOSPI
신한 인버스 2X 코스닥 150 선물 ETN,500072,KOSPI
GS우,078935,KOSPI
N2 월간 레버리지 방위산업 Top5 ETN,550092,KOSPI
까뮤이앤씨,013700,KOSPI
KB 레버리지 S&P 500 선물 ETN(H),580016,KOSPI
부국증권우,001275,KOSPI
신한 레버리지 S&P500 선물 ETN,500050,KOSPI
금호전기,001210,KOSPI
RISE 코스닥150선물레버리지,278240,KOSPI
삼정펄프,009770,KOSPI
세원이앤씨,091090,KOSPI
유엔젤,072130,KOSPI
TIGER 글로벌AI전력인프라액티브,491010,KOSPI
ACE 단기채권알파액티브,440640,KOSPI
SG세계물산,004060,KOSPI
RISE 중국본토대형주CSI100,174360,KOSPI
엔케이,085310,KOSPI
KB Wise 분할매매 ETN,580010,KOSPI
KODEX TRF7030,329670,KOSPI
한투 레버리지 천연가스 선물 ETN B,570093,KOSPI
KIWOOM 국고채30년액티브,471460,KOSPI
보락,002760,KOSPI
TIGER 차이나HSCEI,245360,KOSPI
TIGER 200선물인버스2X,252710,KOSPI
화천기공,000850,KOSPI
IHQ,003560,KOSPI
상신브레이크,041650,KOSPI
테이팩스,055490,KOSPI
조비,001550,KOSPI
갤럭시아에스엠,011420,KOSPI
DL이앤씨2우(전환),37550L,KOSPI
메리츠 KAP 통안채 3개월 ETN,610066,KOSPI
혜인,003010,KOSPI
RISE 고배당,266160,KOSPI
두산퓨얼셀1우,33626K,KOSPI
PLUS 미국S&P500(H),269540,KOSPI
TIGER 코스닥150 레버리지,233160,KOSPI
TIGER 경기방어,139280,KOSPI
써니전자,004770,KOSPI
삼성 미국 대형 성장주 ETN,530019,KOSPI
한솔로지스틱스,009180,KOSPI
SOL CD금리&머니마켓액티브,497880,KOSPI
새론오토모티브,075180,KOSPI
씨아이테크,004920,KOSPI
아모레퍼시픽홀딩스우,002795,KOSPI
TIGER 코리아배당다우존스,0052D0,KOSPI
KODEX 글로벌비만치료제TOP2 Plus,476070,KOSPI
RISE 미국AI밸류체인데일리고정커버드콜,490590,KOSPI
KODEX 아시아달러채권ESG플러스액티브,437070,KOSPI
KODEX WTI원유선물(H),261220,KOSPI
STX그린로지스,465770,KOSPI
한국종합기술,023350,KOSPI
한솔홈데코,025750,KOSPI
DSR,155660,KOSPI
화승알앤에이,378850,KOSPI
한투 레버리지 금 선물 ETN,570059,KOSPI
현대건설우,000725,KOSPI
SOL K방산,490480,KOSPI
DYP,092780,KOSPI
ACE 글로벌인컴TOP10 SOLACTIVE,460960,KOSPI
HANARO Fn K-POP&미디어,395290,KOSPI
이건산업,008250,KOSPI
서울식품,004410,KOSPI
KODEX 차이나H레버리지(H),204450,KOSPI
ACE 중장기국공채액티브,272910,KOSPI
키움 미국달러선물 ETN B,760018,KOSPI
KIWOOM 미국나스닥100(H),453080,KOSPI
TIGER 2차전지TOP10레버리지,412570,KOSPI
KIWOOM 미국달러선물인버스,139660,KOSPI
금비,008870,KOSPI
다스코,058730,KOSPI
인팩,023810,KOSPI
신한 레버리지 코스닥 150 선물 ETN,500071,KOSPI
코오롱인더우,120115,KOSPI
KODEX 코스피100,237350,KOSPI
천일고속,000650,KOSPI
서원,021050,KOSPI
영풍제지,006740,KOSPI
명문제약,017180,KOSPI
케이비아이동국실업,001620,KOSPI
KODEX 미국달러선물,261240,KOSPI
삼일씨엔에스,004440,KOSPI
KODEX 미국나스닥AI테크액티브,411420,KOSPI
시디즈,134790,KOSPI
KB 블룸버그 인버스2X 천연가스선물 ETN(H),580046,KOSPI
TIGER 미국S&P500레버리지(합성 H),225040,KOSPI
TIGER 레버리지,123320,KOSPI
삼성 레버리지 은 선물 ETN(H),530061,KOSPI
선도전기,007610,KOSPI
RISE 미국달러SOFR금리액티브(합성),455960,KOSPI
SOL 미국TOP5채권혼합40 Solactive,447620,KOSPI
미래에셋 레버리지 코스피200 선물 ETN,520054,KOSPI
KoAct 글로벌AI&로봇액티브,471040,KOSPI
상상인증권,001290,KOSPI
KODEX iShares미국하이일드액티브,468380,KOSPI
TIGER 미국나스닥바이오,203780,KOSPI
범양건영,002410,KOSPI
HANARO CAPEX설비투자iSelect,454320,KOSPI
KODEX 미국러셀2000(H),280930,KOSPI
한일철강,002220,KOSPI
미래에셋 0.5X 코스피200 선물 ETN,520070,KOSPI
삼성 미국 대형 성장주 ETN(H),530015,KOSPI
KODEX 미국S&P500금융,453650,KOSPI
메타케어,118000,KOSPI
SOL 금융지주플러스고배당,484880,KOSPI
주성코퍼레이션,109070,KOSPI
미래에셋 KRX금현물 Auto-KO-C 2810-01 ETN,520066,KOSPI
ACE 인도컨슈머파워액티브,487910,KOSPI
SB성보,003080,KOSPI
씨티알모빌리티,308170,KOSPI
신한 인버스 2X WTI원유 선물 ETN(H),500027,KOSPI
영흥,012160,KOSPI
DSR제강,069730,KOSPI
ACE 25-06 회사채(AA-이상)액티브,461260,KOSPI
유성기업,002920,KOSPI
TIGER 차이나전기차레버리지(합성),456680,KOSPI
RISE 미국배당100데일리고정커버드콜,490600,KOSPI
SJM홀딩스,025530,KOSPI
티에이치엔,019180,KOSPI
삼성 KRX 금현물 ETN,530067,KOSPI
롯데칠성우,005305,KOSPI
우성,006980,KOSPI
RISE 대형고배당10TR,315960,KOSPI
이스타코,015020,KOSPI
마이다스 코스피액티브,403790,KOSPI
KB 천연가스 선물 ETN(H),580020,KOSPI
PLUS 미국채30년액티브,464470,KOSPI
HANARO 32-10 국고채액티브,448490,KOSPI
웰바이오텍,010600,KOSPI
ACE 2월만기자동연장회사채AA-이상액티브,475260,KOSPI
아진전자부품,009320,KOSPI
메리츠 레버리지 금 선물 ETN(H),610012,KOSPI
N2 레버리지 금 선물 ETN(H),550062,KOSPI
SOL 한국형글로벌반도체액티브,423170,KOSPI
SOL 미국30년국채액티브(H),461600,KOSPI
메리츠 3X 레버리지 미국채30년 ETN,610078,KOSPI
미래에셋 0.5X 코스닥150 선물 ETN,520071,KOSPI
KODEX Top10동일가중,395170,KOSPI
SJM,123700,KOSPI
TIMEFOLIO 코스피액티브,385720,KOSPI
WON 대한민국국고채액티브,426150,KOSPI
RISE 미국테크100데일리고정커버드콜,491620,KOSPI
SH에너지화학,002360,KOSPI
SK케미칼우,28513K,KOSPI
KODEX 고배당,279530,KOSPI
삼성 미국 대형 가치주 ETN,530020,KOSPI
KB 인버스 천연가스 선물 ETN,580021,KOSPI
신한 금 선물 ETN(H),500016,KOSPI
KODEX 차이나H,099140,KOSPI
에셋플러스 글로벌플랫폼액티브,407830,KOSPI
KIWOOM 코리아밸류업,496090,KOSPI
SK디스커버리우,006125,KOSPI
메리츠 국채30년 ETN,610007,KOSPI
RISE 2차전지TOP10,465330,KOSPI
부국철강,026940,KOSPI
플레이그램,009810,KOSPI
문배철강,008420,KOSPI
RISE 코리아밸류업,495050,KOSPI
하나 Solactive US Tech Top 10 ETN(H),700022,KOSPI
PLUS 단기채권액티브,278620,KOSPI
TIMEFOLIO 미국S&P500액티브,426020,KOSPI
삼성 인버스0.5X S&P500 VIX S/T선물 ETN B,530131,KOSPI
대유에이텍,002880,KOSPI
KIWOOM 통안채1년,122260,KOSPI
KODEX TDF2030액티브,433970,KOSPI
PLUS 국고채10년액티브,461460,KOSPI
ACE 포스코그룹포커스,469170,KOSPI
신한 레버리지 다우존스지수 선물 ETN(H),500020,KOSPI
미래에셋 레버리지 코스닥150 선물 ETN,520056,KOSPI
에쓰씨엔지니어링,023960,KOSPI
ACE 주주환원가치주액티브,447430,KOSPI
SOL 미국나스닥100,476030,KOSPI
N2 방위산업 Top5 ETN,550091,KOSPI
한투 코스피 양매도 3% OTM ETN,570029,KOSPI
RISE 금융채액티브,336160,KOSPI
KODEX 일본TOPIX100,101280,KOSPI
TIGER 엔비디아미국채커버드콜밸런스(합성),0000D0,KOSPI
한투 레버리지일본니케이225선물 ETN(H),570106,KOSPI
마스턴프리미어리츠,357430,KOSPI
케이탑리츠,145270,KOSPI
파워 200,152870,KOSPI
삼성 인버스 2X 나스닥 100 ETN,530116,KOSPI
KODEX 건설,117700,KOSPI
메리츠 레버리지 미국채30년 ETN(H),610038,KOSPI
KODEX 코스피TR,359210,KOSPI
ACE 글로벌자율주행액티브,414270,KOSPI
RISE 미국30년국채커버드콜(합성),472830,KOSPI
에넥스,011090,KOSPI
진양화학,051630,KOSPI
ACE 5월만기자동연장회사채AA-이상액티브,475270,KOSPI
한창제지,009460,KOSPI
영화금속,012280,KOSPI
아센디오,012170,KOSPI
KODEX 차이나휴머노이드로봇,0048K0,KOSPI
유니드비티플러스,446070,KOSPI
아이엠에셋 200,0007N0,KOSPI
HANARO e커머스,322400,KOSPI
키움 코스피 200 TR ETN,760007,KOSPI
ACE 삼성그룹섹터가중,108450,KOSPI
신한 구리 선물 ETN(H),500018,KOSPI
유화증권우,003465,KOSPI
DL이앤씨우,37550K,KOSPI
RISE 5G테크,367760,KOSPI
KODEX 친환경조선해운액티브,445150,KOSPI
우진플라임,049800,KOSPI
진양폴리,010640,KOSPI
PLUS 글로벌방산,496770,KOSPI
유안타증권우,003475,KOSPI
KODEX 미디어&엔터테인먼트,266360,KOSPI
미래에셋-0.5X S&P500 VIX S/T선물 ETN(H)B,520086,KOSPI
PLUS 우주항공&UAM,421320,KOSPI
한익스프레스,014130,KOSPI
전방,000950,KOSPI
TIGER 차이나반도체FACTSET,396520,KOSPI
KODEX 국채선물10년,152380,KOSPI
TIGER 차이나항셍테크레버리지(합성 H),438320,KOSPI
윌비스,008600,KOSPI
한투 인버스2X일본니케이225선물 ETN(H),570107,KOSPI
KODEX 인도타타그룹,477730,KOSPI
한투 블룸버그레버리지WTI원유선물 ETN B,570116,KOSPI
삼성 미국 대형 가치주 ETN(H),530016,KOSPI
계양전기,012200,KOSPI
TIGER 유로스탁스배당30,245350,KOSPI
미래에셋 미국 테크&반도체 TOP3 ETN,520080,KOSPI
KODEX TDF2040액티브,433980,KOSPI
PLUS 선진국MSCI(합성 H),195970,KOSPI
모나미,005360,KOSPI
TIGER 유로스탁스50(합성 H),195930,KOSPI
한솔PNS,010420,KOSPI
WON 미국S&P500,444490,KOSPI
TIGER 차이나바이오테크SOLACTIVE,371470,KOSPI
미래산업,025560,KOSPI
ACE AI반도체포커스,469150,KOSPI
제이준코스메틱,025620,KOSPI
삼성 레버리지 나스닥 100 ETN,530115,KOSPI
부산주공,005030,KOSPI
미래에셋 미국 AI TOP3 ETN,520072,KOSPI
WON 단기국공채액티브,458030,KOSPI
대림통상,006570,KOSPI
KODEX 200ESG,337160,KOSPI
일진디스플,020760,KOSPI
한세엠케이,069640,KOSPI
남성,004270,KOSPI
SOL 자동차TOP3플러스,466930,KOSPI
이엔플러스,074610,KOSPI
ACE 200TR,332500,KOSPI
대원화성,024890,KOSPI
KODEX 미국S&P500배당귀족커버드콜(합성 H),276970,KOSPI
PLUS KOFR금리,453010,KOSPI
SUN&L,002820,KOSPI
MH에탄올,023150,KOSPI
RISE 글로벌리얼티인컴,475380,KOSPI
RISE 컨택트대표,388280,KOSPI
RISE 중국본토CSI300,463300,KOSPI
KODEX 미국휴머노이드로봇,0038A0,KOSPI
삼성 레버리지 China A50 선물 ETN(H),530023,KOSPI
메리츠 미국채30년 ETN(H),610037,KOSPI
KIWOOM 미국달러선물,138230,KOSPI
미래에셋 2X 홍콩H 선물 ETN,520068,KOSPI
온타이드,005320,KOSPI
삼성 레버리지 항셍테크 ETN(H) B,530119,KOSPI
체시스,033250,KOSPI
DL우,000215,KOSPI
신풍,002870,KOSPI
삼성 China A50 선물 ETN(H),530014,KOSPI
미래에셋 1.5X 천연가스 선물 ETN,520076,KOSPI
HANARO 200선물레버리지,304780,KOSPI
메타랩스,090370,KOSPI
미래에셋 미국 방위산업 TOP3 ETN,520074,KOSPI
HANARO MSCI Korea TR,332940,KOSPI
한투 블룸버그인버스2XWTI원유선물 ETN B,570117,KOSPI
신한 은 선물 ETN(H),500017,KOSPI
다이나믹디자인,145210,KOSPI
핸즈코퍼레이션,143210,KOSPI
삼성 레버리지 S&P500 선물 ETN,530113,KOSPI
HANARO 글로벌생성형AI액티브,461340,KOSPI
KODEX 미국달러선물레버리지,261250,KOSPI
FOCUS AI코리아액티브,448570,KOSPI
세우글로벌,013000,KOSPI
미래에셋 -1.5X 천연가스 선물 ETN,520077,KOSPI
국보,001140,KOSPI
KIWOOM 국고채10년레버리지,167860,KOSPI
TIGER 게임TOP10,364990,KOSPI
KODEX 미국부동산리츠(H),352560,KOSPI
TIGER 인버스,123310,KOSPI
WON 반도체밸류체인액티브,474590,KOSPI
원림,005820,KOSPI
PLUS 200TR,491220,KOSPI
KODEX 200IT TR,363580,KOSPI
미래에셋 인버스 2X 원유선물혼합 ETN(H),520050,KOSPI
SOL 코리아밸류업TR,495550,KOSPI
KODEX 미국AI소프트웨어TOP10,0041D0,KOSPI
WON 종합채권(AA-이상)액티브,488720,KOSPI
미래아이앤지,007120,KOSPI
한국전자홀딩스,006200,KOSPI
KODEX 미국S&P500산업재(합성),200030,KOSPI
KoAct 미국나스닥성장기업액티브,0015B0,KOSPI
PLUS 미국단기회사채(AAA~A),332610,KOSPI
TIGER 인도니프티50레버리지(합성),236350,KOSPI
한성기업,003680,KOSPI
메리츠 KAP 통안채 6개월 ETN,610064,KOSPI
PLUS 미국장기우량회사채,332620,KOSPI
N2 미국 IT TOP5 ETN(H),550041,KOSPI
메리츠 KAP 레버리지 일본 엔화 ETN,610069,KOSPI
DAISHIN343 K200,434960,KOSPI
KIWOOM 글로벌AI반도체,473490,KOSPI
KODEX 유럽탄소배출권선물ICE(H),400570,KOSPI
SOL 화장품TOP3플러스,0008T0,KOSPI
SOL 미국배당다우존스TR,493420,KOSPI
태원물산,001420,KOSPI
코아스,071950,KOSPI
BYC우,001465,KOSPI
ACE 인도네시아MSCI(합성),256440,KOSPI
TIGER 글로벌클라우드컴퓨팅INDXX,371450,KOSPI
KB 일본 로보틱스 TOP 10 ETN,580056,KOSPI
ACE 원자력테마딥서치,433500,KOSPI
RISE 미국AI밸류체인TOP3Plus,485690,KOSPI
경인전자,009140,KOSPI
ACE 라이프자산주주가치액티브,494330,KOSPI
한화투자증권우,003535,KOSPI
메리츠 3X 레버리지 미국채10년 ETN,610075,KOSPI
동일제강,002690,KOSPI
ACE 미국배당퀄리티,0046Y0,KOSPI
이화산업,000760,KOSPI
KoAct 배당성장액티브,476850,KOSPI
KB 레버리지 FANG 플러스 ETN(H),580034,KOSPI
세방우,004365,KOSPI
세기상사,002420,KOSPI
신한 레버리지 미국달러 선물 ETN,500035,KOSPI
TIGER 배당성장,211560,KOSPI
KoAct 코리아밸류업액티브,495230,KOSPI
KIWOOM 국고채3년,114470,KOSPI
대한방직,001070,KOSPI
KODEX 배당성장채권혼합,237370,KOSPI
TIGER 구리실물,160580,KOSPI
HANARO Fn K-푸드,438900,KOSPI
RISE 게임테마,300640,KOSPI
HANARO Fn K-뉴딜디지털플러스,368190,KOSPI
한투 일본니케이225선물 ETN(H),570104,KOSPI
KIWOOM 독일DAX,411860,KOSPI
메리츠 레버리지 국채30년 ETN,610008,KOSPI
KC코트렐,119650,KOSPI
TIGER 일본반도체FACTSET,465660,KOSPI
솔루스첨단소재1우,33637K,KOSPI
비비안,002070,KOSPI
WISCOM,024070,KOSPI
TIGER 200 헬스케어,227540,KOSPI
RISE 미국반도체NYSE(H),469050,KOSPI
미래에셋 미국 자율주행대표기업 ETN,520082,KOSPI
신풍제약우,019175,KOSPI
미래에셋 -2X 미국채울트라30년 선물 ETN,520065,KOSPI
PLUS 미국나스닥테크,287180,KOSPI
PLUS 코리아밸류업,495040,KOSPI
한투 인버스일본니케이225선물 ETN(H),570105,KOSPI
미래에셋 2X 미국 테크&반도체 TOP3 ETN,520081,KOSPI
RISE 미국AI테크액티브,495940,KOSPI
하나 레버리지 반도체 ETN,700028,KOSPI
KODEX 200롱코스닥150숏선물,360140,KOSPI
KODEX 한국대만IT프리미어,298770,KOSPI
삼성 레버리지 코스피200 선물 ETN,530104,KOSPI
KODEX 차이나심천ChiNext(합성),256750,KOSPI
미래에셋 레버리지 미국 AI TOP3 ETN,520073,KOSPI
KODEX 3대농산물선물(H),271060,KOSPI
KB 일본 컨슈머 TOP 10 ETN,580057,KOSPI
성문전자,014910,KOSPI
TIGER 코스피고배당,210780,KOSPI
TIGER 200 건설,139220,KOSPI
키움 레버리지 조선TOP10 ETN,760016,KOSPI
RISE 미국단기투자등급회사채액티브,437350,KOSPI
신한 레버리지 코스피 200 선물 ETN,500069,KOSPI
SOL KIS단기통안채,363510,KOSPI
KODEX 미국테크TOP3플러스,491090,KOSPI
신한 다우존스지수 선물 ETN(H),500009,KOSPI
WON 미국빌리어네어,489290,KOSPI
TIGER 200커버드콜,289480,KOSPI
삼성 코스닥 150 TR ETN,530118,KOSPI
KIWOOM 글로벌퓨처모빌리티,394350,KOSPI
RISE 중장기국공채액티브,272570,KOSPI
한투 레버리지 은 선물 ETN,570061,KOSPI
PLUS 일본반도체소부장,464920,KOSPI
호텔신라우,008775,KOSPI
RISE 내수주플러스,326230,KOSPI
N2 전력인프라 Top5 ETN,550093,KOSPI
PLUS 미국S&P500성장주,494410,KOSPI
TIGER 반도체TOP10레버리지,488080,KOSPI
대한항공우,003495,KOSPI
대교우B,019685,KOSPI
미래에셋 인버스 2X 옥수수 선물 ETN,520047,KOSPI
키움 INDXX 미국테크탑10 ETN,760005,KOSPI
DAISHIN343 AI반도체&인프라액티브,486240,KOSPI
KODEX 인도Nifty50레버리지(합성),453820,KOSPI
SOL 미국AI반도체칩메이커,479620,KOSPI
미래에셋 미국 제약 TOP3 ETN,520078,KOSPI
1Q 코리아밸류업,495330,KOSPI
TIGER Fn신재생에너지,377990,KOSPI
메리츠 인플레이션 국채 ETN,610001,KOSPI
화인베스틸,133820,KOSPI
TIGER S&P글로벌헬스케어(합성),248270,KOSPI
RISE 미국30년국채액티브,481340,KOSPI
메리츠 미국채10년 ETN(H),610022,KOSPI
메리츠 인버스 2X 대표 농산물 선물 ETN(H),610036,KOSPI
KB 레버리지 금 선물 ETN(H),580022,KOSPI
KODEX 차이나2차전지MSCI(합성),419430,KOSPI
미래에셋 레버리지 미국 방위산업 TOP3 ETN,520075,KOSPI
진도,088790,KOSPI
동원수산,030720,KOSPI
KODEX 미국S&P500에너지(합성),218420,KOSPI
TBH글로벌,084870,KOSPI
KODEX 게임산업,300950,KOSPI
KODEX 33-06 국고채액티브,457690,KOSPI
WON 미국우주항공방산,440910,KOSPI
두산퓨얼셀2우B,33626L,KOSPI
KR모터스,000040,KOSPI
1Q 종합채권(AA-이상)액티브,0017Y0,KOSPI
KODEX 53-09 국고채액티브,457700,KOSPI
HANARO 글로벌피지컬AI액티브,0040S0,KOSPI
KODEX 미국S&P500헬스케어,453640,KOSPI
메리츠 레버리지 미국채30년 스트립 ETN(H),610085,KOSPI
RISE 차이나HSCEI(H),250730,KOSPI
KODEX 차이나A50,169950,KOSPI
ACE 마이크로소프트밸류체인액티브,483330,KOSPI
신한 콩 선물 ETN(H),500023,KOSPI
SOL 골드커버드콜액티브,0022T0,KOSPI
TIGER 글로벌AI사이버보안,418670,KOSPI
한투 S&P500 VIX S/T선물 ETN(H) B,570114,KOSPI
RISE TDF2050액티브,442570,KOSPI
KoAct 미국천연가스인프라액티브,497780,KOSPI
한창,005110,KOSPI
RISE 글로벌테크놀로지(합성 H),276650,KOSPI
N2 iSelect 글로벌 EMP ETN(H),550059,KOSPI
미래에셋 인버스 2X 코스피200 선물 ETN,520055,KOSPI
N2 미국달러 SOFR금리 플러스 ETN,550086,KOSPI
하나 레버리지 코스닥150 선물 ETN,700017,KOSPI
한투 레버리지 코스닥150선물 ETN,570081,KOSPI
HANARO 코리아밸류업,495750,KOSPI
신한 레버리지 구리 선물 ETN,500040,KOSPI
TIGER 글로벌이노베이션액티브,387270,KOSPI
KODEX 미국S&P500테크놀로지,463680,KOSPI
삼성 레버리지 코스닥150 선물 ETN,530106,KOSPI
KODEX 국채선물3년인버스,292770,KOSPI
대상우,001685,KOSPI
KODEX 보험,140700,KOSPI
UNICORN SK하이닉스밸류체인액티브,494220,KOSPI
KIWOOM 미국S&P500(H),449780,KOSPI
KIWOOM 고배당,104530,KOSPI
KODEX 일본부동산리츠(H),352540,KOSPI
하나 블룸버그 -2X 천연가스 선물 ETN(H),700020,KOSPI
동양고속,084670,KOSPI
롯데지주우,00499K,KOSPI
KODEX 글로벌로봇(합성),276990,KOSPI
KODEX 미국S&P500액티브,0041E0,KOSPI
삼성 S&P500 VIX S/T 선물 ETN B,530130,KOSPI
메리츠 블룸버그 -2X 천연가스 선물 ETN(H),610054,KOSPI
주연테크,044380,KOSPI
신한 33-12 국고채 플러스 ETN,500091,KOSPI
SOL 코스닥150,450910,KOSPI
KODEX 테슬라밸류체인FactSet,459560,KOSPI
TIGER 코스닥150바이오테크,261070,KOSPI
ACE 구글밸류체인액티브,483340,KOSPI
메리츠 국채10년 ETN,610018,KOSPI
참엔지니어링,009310,KOSPI
한투 FTSE100 ETN,570047,KOSPI
신한 인버스 코스피 200 선물 ETN,500061,KOSPI
미래에셋 인버스 코스피200 선물 ETN,520038,KOSPI
하나 인버스 2X 옥수수 선물 ETN(H),700012,KOSPI
ACE 일본Nikkei225(H),238720,KOSPI
KB 인디아 디지털 Select 5 ETN,580067,KOSPI
메리츠 레버리지 은 선물 ETN(H),610016,KOSPI
마이티 다이나믹퀀트액티브,442260,KOSPI
KODEX 인도Nifty미드캡100,0000H0,KOSPI
삼성 코리아 밸류업 TR ETN,530126,KOSPI
대신 S&P 인버스 2X 천연가스 선물 ETN,510029,KOSPI
신한 2X 26-05 공사채(AAA) ETN,500090,KOSPI
TIMEFOLIO 차이나AI테크액티브,0043Y0,KOSPI
한투 금 선물 ETN,570055,KOSPI
신한 2X 26-05 은행채(AAA) ETN,500088,KOSPI
N2 코스피 200 TR ETN,550084,KOSPI
HANARO 글로벌럭셔리S&P(합성),354350,KOSPI
KODEX iShares미국투자등급회사채액티브,468630,KOSPI
KB 인디아 대형 성장주 Select 5 ETN,580066,KOSPI
TIGER 미국방산TOP10,494840,KOSPI
신한 26-05 공사채(AAA) ETN,500089,KOSPI
신한 26-05 은행채(AAA) ETN,500087,KOSPI
KODEX 탄소효율그린뉴딜,375770,KOSPI
한투 레버리지 나스닥100 ETN B,570102,KOSPI
한투 레버리지 구리 선물 ETN,570072,KOSPI
KODEX 배당성장,211900,KOSPI
ACE 일본TOPIX레버리지(H),196030,KOSPI
KODEX 에너지화학,117460,KOSPI
메리츠 인버스 국채3년 ETN,610047,KOSPI
PLUS 애플채권혼합,447660,KOSPI
한투 레버리지 유로스탁스50 ETN(H) B,570054,KOSPI
우진아이엔에스,010400,KOSPI
대신 인버스 2X 코스닥 150 선물 ETN,510027,KOSPI
TIGER 미국나스닥100ETF선물,483240,KOSPI
KB 인버스 2X KOSDAQ 150 선물 ETN,580044,KOSPI
한국주강,025890,KOSPI
ACE FTSE WGBI Korea,0010E0,KOSPI
메리츠 솔랙티브 2X WTI원유 선물 ETN(H),610088,KOSPI
SOL 전고체배터리&실리콘음극재,0005D0,KOSPI
N2 레버리지 은 선물 ETN(H),550064,KOSPI
TIMEFOLIO 미국나스닥100채권혼합50액티브,0019K0,KOSPI
삼성 인버스 2X 미국다우존스 선물 ETN,530129,KOSPI
ACE 코리아밸류업,496120,KOSPI
KB S&P 레버리지 WTI원유 선물 ETN B,580068,KOSPI
신한 블룸버그 레버리지 WTI원유선물 ETN B,500093,KOSPI
ACE 코스닥150,354500,KOSPI
삼성 블룸버그 레버리지 WTI원유선물 ETN B,530133,KOSPI
KB CSI 300 ETN,580048,KOSPI
에이엔피,015260,KOSPI
N2 선진국 1등주 ETN,550087,KOSPI
TIGER 200 에너지화학,139250,KOSPI
PLUS 미국S&P500,429760,KOSPI
넥센타이어1우B,002355,KOSPI
TIGER TSMC파운드리밸류체인,453950,KOSPI
N2 블룸버그 2X 천연가스 선물 ETN(H),550074,KOSPI
하나 레버리지 콩 선물 ETN(H),700013,KOSPI
키움 인버스 미국달러선물 ETN,760004,KOSPI
한진칼우,18064K,KOSPI
하나 S&P 레버리지 WTI원유 선물 ETN B,700029,KOSPI
SHD,001770,KOSPI
KIWOOM 미국성장기업30액티브,459790,KOSPI
메리츠 인버스 천연가스 선물 ETN(H),610044,KOSPI
TIGER 원유선물Enhanced(H),130680,KOSPI
SOL KEDI메가테크액티브,444200,KOSPI
미래에셋 인버스 천연가스 선물 ETN(H),520053,KOSPI
TIGER 글로벌멀티에셋TIF액티브,440340,KOSPI
메리츠 솔랙티브 -2X WTI원유 선물 ETN(H),610089,KOSPI
SOL 미국양자컴퓨팅TOP10,0023A0,KOSPI
KODEX 미국나스닥100선물인버스(H),409810,KOSPI
신한 인버스 옥수수 선물 ETN(H),500014,KOSPI
ACE ESG액티브,385590,KOSPI
KB 레버리지 항셍테크 선물 ETN(H) B,580047,KOSPI
SOL 국고채3년,438560,KOSPI
1Q 차이나H(H),472350,KOSPI
PLUS 일본엔화초단기국채(합성),489000,KOSPI
LX하우시스우,108675,KOSPI
KB CSI 500 ETN,580049,KOSPI
TIGER 리츠부동산인프라채권TR KIS,341850,KOSPI
KODEX WTI원유선물인버스(H),271050,KOSPI
RISE 유로스탁스50(H),379790,KOSPI
KCGI 미국S&P500 TOP10,483570,KOSPI
메리츠 블룸버그 2X 천연가스선물 ETN(H) B,610067,KOSPI
N2 월간 레버리지 코스피 200 선물 ETN,550089,KOSPI
삼성 레버리지 일본니케이225선물 ETN(H),530124,KOSPI
KODEX S&P글로벌인프라(합성),269420,KOSPI
KODEX 차이나AI테크액티브,428510,KOSPI
한투 레버리지 플래티넘 선물 ETN,570069,KOSPI
N2 월간 레버리지 선진국 1등주 ETN,550088,KOSPI
KODEX KRX300,292190,KOSPI
삼성 인버스 2X 일본니케이225선물 ETN(H),530125,KOSPI
신한 인버스 코스닥 150 선물 ETN,500063,KOSPI
미래에셋 인버스 코스닥150 선물 ETN,520040,KOSPI
메리츠 미국 인플레이션 국채 ETN(H),610003,KOSPI
미래에셋 코스피200 선물 ETN,520037,KOSPI
HK 200,491700,KOSPI
KIWOOM 팔란티어미국30년국채혼합액티브(H),0015F0,KOSPI
KODEX IT,266370,KOSPI
PLUS 미국다우존스고배당주(합성 H),213630,KOSPI
메리츠 인버스 2X 미국채30년 ETN(H),610040,KOSPI
KB 인버스 2X 밀 선물 ETN,580052,KOSPI
한국ANKOR유전,152550,KOSPI
TIGER 미국AI반도체팹리스,491830,KOSPI
메리츠 레버리지 구리 선물 ETN(H),610028,KOSPI
삼성 레버리지 미국다우존스 선물 ETN,530128,KOSPI
KC그린홀딩스,009440,KOSPI
삼성 레버리지 구리 선물 ETN(H),530063,KOSPI
삼성 금 선물 ETN(H),530083,KOSPI
삼성 블룸버그 인버스2X WTI원유선물 ETN B,530134,KOSPI
PLUS 국고채30년액티브,451600,KOSPI
KB S&P 인버스 2X WTI원유 선물 ETN B,580069,KOSPI
하나 S&P 인버스 2X WTI원유 선물 ETN B,700030,KOSPI
한투 레버리지 베트남 VN30 선물 ETN(H),570065,KOSPI
신한 블룸버그 인버스2X WTI원유선물 ETN B,500094,KOSPI
하이트진로2우B,000087,KOSPI
RISE 미국고정배당우선증권 TR,354240,KOSPI
RISE 200선물인버스2X,252420,KOSPI
PLUS 미국배당증가성장주데일리커버드콜,494420,KOSPI
삼성 인버스 2X 천연가스 선물 ETN D,530136,KOSPI
TIGER 200IT레버리지,243880,KOSPI
키움 코스닥 150 TR ETN,760008,KOSPI
미래에셋 코스닥150 선물 ETN,520039,KOSPI
TIGER 차이나클린에너지SOLACTIVE,396510,KOSPI
N2 레버리지 구리 선물 ETN(H),550069,KOSPI
미래에셋 -2X 미국 AI TOP3 ETN,520085,KOSPI
PLUS 우량회사채50,239660,KOSPI
N2 코스닥 150 TR ETN,550085,KOSPI
RISE 200선물레버리지,252400,KOSPI
녹십자홀딩스2우,005257,KOSPI
신한 옥수수 선물 ETN(H),500013,KOSPI
TIGER 코스닥150선물인버스,250780,KOSPI
RISE 테슬라미국채타겟커버드콜혼합(합성),0013R0,KOSPI
BNK 주주가치액티브,445690,KOSPI
미래에셋 -2X 미국 자율주행대표기업 ETN,520084,KOSPI
KIWOOM 미국달러선물레버리지,225800,KOSPI
미래에셋 2X 미국 자율주행대표기업 ETN,520083,KOSPI
코리아써우,007815,KOSPI
키움 레버리지 반도체TOP10 ETN,760013,KOSPI
KODEX 웹툰&드라마,395150,KOSPI
ACE 미국달러단기채권액티브,440650,KOSPI
RISE 글로벌주식분산액티브,459750,KOSPI
신한 인버스 콩 선물 ETN(H),500024,KOSPI
메리츠 인버스 2X 미국채10년 ETN(H),610025,KOSPI
KODEX 차이나과창판STAR50(합성),415340,KOSPI
스타에스엠리츠,204210,KOSPI
ACE 차이나항셍테크,371870,KOSPI
코오롱우,002025,KOSPI
ACE 아시아TOP50S&P,277540,KOSPI
ACE 러시아MSCI(합성),265690,KOSPI
RISE 삼성그룹Top3채권혼합,448630,KOSPI
KB 인버스 2X 콩 선물 ETN,580054,KOSPI
한투 인버스0.5X S&P500 VIX S/T선물 ETN B,570115,KOSPI
대덕전자1우,35320K,KOSPI
에셋플러스 차이나일등기업포커스10액티브,474920,KOSPI
HANARO 전력설비투자,491820,KOSPI
PLUS 고배당주위클리고정커버드콜,0018C0,KOSPI
ACE 미국IT인터넷S&P(합성 H),280320,KOSPI
파워 K-주주가치액티브,491510,KOSPI
RISE 바이오TOP10액티브,0000Z0,KOSPI
솔루스첨단소재2우B,33637L,KOSPI
KIWOOM 25-09 미국채권(AA-이상)액티브,467620,KOSPI
에셋플러스 코리아플랫폼액티브,407820,KOSPI
TIGER 미국달러선물인버스2X,261120,KOSPI
ACE 미국배당퀄리티+커버드콜액티브,0049M0,KOSPI
ACE 미국배당퀄리티채권혼합50,0049K0,KOSPI
RISE 채권혼합,183700,KOSPI
TIMEFOLIO K컬처액티브,410870,KOSPI
VITA MZ소비액티브,422260,KOSPI
삼성 S&P500 ETN,530112,KOSPI
대한제당우,001795,KOSPI
TIGER 농산물선물Enhanced(H),137610,KOSPI
TIGER KEDI혁신기업ESG30,417630,KOSPI
KODEX 필수소비재,266410,KOSPI
대신 천연가스 선물 ETN(H),510016,KOSPI
KODEX 미국ETF산업Top10 Indxx,428560,KOSPI
한투 인버스 2X 구리 선물 ETN,570073,KOSPI
KODEX 자율주행액티브,385520,KOSPI
RISE 200고배당커버드콜ATM,290080,KOSPI
RISE 헬스케어채권혼합,253290,KOSPI
삼성 항셍테크 ETN(H) B,530121,KOSPI
신한 인버스 2X 다우존스지수 선물 ETN(H),500028,KOSPI
한투 은 선물 ETN,570057,KOSPI
하나 인버스 2X 콩 선물 ETN(H),700014,KOSPI
TIMEFOLIO 글로벌소비트렌드액티브,494180,KOSPI
PLUS 코스피50,122090,KOSPI
RISE V&S셀렉트밸류채권혼합,241390,KOSPI
메리츠 인버스 미국채30년 ETN(H),610039,KOSPI
TIGER 200 금융,139270,KOSPI
ACE 일본반도체,469160,KOSPI
ACE 골드선물 레버리지(합성 H),225130,KOSPI
ACE 글로벌AI맞춤형반도체,494340,KOSPI
KB 블룸버그 레버리지 천연가스 선물 ETN,580055,KOSPI
RISE 차이나항셍테크,371150,KOSPI
에이리츠,140910,KOSPI
KODEX 기계장비,102960,KOSPI
HANARO 코스닥150,304770,KOSPI
한투 일본종합상사TOP5 ETN,570100,KOSPI
TIMEFOLIO 미국배당다우존스액티브,0036D0,KOSPI
RISE 미국S&P배당킹,460660,KOSPI
일정실업,008500,KOSPI
파워 코스피100,140950,KOSPI
KODEX 미국S&P바이오(합성),185680,KOSPI
HANARO 주주가치성장코리아액티브,482870,KOSPI
HANARO Fn전기&수소차,381560,KOSPI
넥센우,005725,KOSPI
KODEX 철강,117680,KOSPI
KIWOOM 코스닥150,316670,KOSPI
TIGER K게임,300610,KOSPI
KB 레버리지 KOSPI 200 선물 ETN,580039,KOSPI
HANARO K-뷰티,479850,KOSPI
삼성 인버스 2X 금 선물 ETN(H),530056,KOSPI
SOL 반도체전공정,475300,KOSPI
RISE 미국반도체NYSE,469060,KOSPI
메리츠 인버스 미국채10년 ETN(H),610024,KOSPI
대상홀딩스우,084695,KOSPI
RISE 미국S&P원유생산기업(합성 H),219390,KOSPI
미래에셋 2X 미국채울트라30년 선물 ETN,520064,KOSPI
태양금속우,004105,KOSPI
ACE 멕시코MSCI(합성),291130,KOSPI
KODEX KRX300레버리지,306950,KOSPI
삼성 인버스 2X S&P500 선물 ETN,530114,KOSPI
한투 구리 선물 ETN,570071,KOSPI
KODEX 유럽명품TOP10 STOXX,456250,KOSPI
RISE 국채30년레버리지(합성),451670,KOSPI
JW중외제약2우B,001067,KOSPI
미래에셋 레버리지 옥수수 선물 ETN,520046,KOSPI
마이티 바이오시밀러&CDMO액티브,0001P0,KOSPI
RISE 국채선물10년인버스,295020,KOSPI
삼성 은 선물 ETN(H),530089,KOSPI
신한 달러인덱스 선물 ETN(H),500011,KOSPI
ACE 글로벌브랜드TOP10블룸버그,435040,KOSPI
TIGER 미국캐시카우100,465670,KOSPI
ACE 미국친환경그린테마INDXX,391600,KOSPI
NPC우,004255,KOSPI
PLUS 미국테크TOP10,461900,KOSPI
KODEX 미국S&P500유틸리티,463640,KOSPI
TIGER 퓨처모빌리티액티브,387280,KOSPI
미래에셋 인도네시아 Top5 ETN,520061,KOSPI
KODEX 코스피대형주,337140,KOSPI
미래에셋 레버리지 미국 제약 TOP3 ETN,520079,KOSPI
미래에셋 천연가스 선물 ETN(H),520052,KOSPI
ACE 국고채3년,114460,KOSPI
메리츠 인버스 2X 구리 선물 ETN(H),610029,KOSPI
N2 월간 레버리지 코스닥 150 선물 ETN,550090,KOSPI
LX홀딩스1우,38380K,KOSPI
N2 인버스 레버리지 구리 선물 ETN(H),550070,KOSPI
한투 인버스 2X 베트남 VN30 선물 ETN(H),570066,KOSPI
TIGER 차이나CSI300인버스(합성),217780,KOSPI
TIGER 차이나항셍25,117690,KOSPI
TIGER 글로벌자원생산기업(합성 H),276000,KOSPI
RISE 중국MSCI China(H),310080,KOSPI
KODEX iShares미국인플레이션국채액티브,468370,KOSPI
한투 인버스 플래티넘 선물 ETN,570053,KOSPI
미래에셋 S&P 유럽탄소배출권 선물 ETN,520043,KOSPI
키움 조선TOP10 ETN,760017,KOSPI
HANARO Fn K-게임,395280,KOSPI
ACE 2차전지&친환경차액티브,385600,KOSPI
ACE 글로벌메타버스테크액티브,411050,KOSPI
KODEX MSCI퀄리티,275300,KOSPI
한투 인버스 2X 플래티넘 선물 ETN,570070,KOSPI
SOL 미국원자력SMR,0051G0,KOSPI
메리츠 3X 레버리지 국채10년 ETN,610059,KOSPI
KIWOOM 미국달러선물인버스2X,230480,KOSPI
ACE 미국하이일드액티브(H),455660,KOSPI
HANARO KOFR금리액티브(합성),453060,KOSPI
PLUS TDF2060액티브,433880,KOSPI
KB 레버리지 밀 선물 ETN,580051,KOSPI
KIWOOM 물가채KIS,430500,KOSPI
메리츠 3X 레버리지 국채5년 ETN,610057,KOSPI
TIGER 일본TOPIX(합성 H),195920,KOSPI
메리츠 국채5년 ETN,610049,KOSPI
메리츠 KAP 레버리지 중국 위안화 ETN,610072,KOSPI
PLUS 미국테크TOP10레버리지(합성),461910,KOSPI
RISE 배터리 리사이클링,446700,KOSPI
대신 밀 선물 ETN(H),510015,KOSPI
KODEX 구리선물(H),138910,KOSPI
SOL 팔란티어미국채커버드콜혼합,0040X0,KOSPI
ACE TDF2050액티브,0021E0,KOSPI
KODEX 미국S&P500필수소비재,453630,KOSPI
한투 S&P 인버스 2X 엔달러 선물 ETN(H),570099,KOSPI
삼양사우,145995,KOSPI
삼성 나스닥 100 ETN,530120,KOSPI
KODEX 대만테크고배당다우존스,487950,KOSPI
TIGER 한중반도체(합성),449690,KOSPI
메리츠 레버리지 멕시코 페소화 ETN,610081,KOSPI
삼성 인버스 2X 코스피200 선물 ETN,530105,KOSPI
KIWOOM KRX100,100910,KOSPI
N2 레버리지 국채30년 ETN,550096,KOSPI
삼양홀딩스우,000075,KOSPI
코오롱글로벌우,003075,KOSPI
신한 인버스 2X 코스피 200 선물 ETN,500070,KOSPI
메리츠 인버스 국채30년 ETN,610009,KOSPI
KODEX 200가치저변동,223190,KOSPI
메리츠 3X 레버리지 국채3년 ETN,610055,KOSPI
유유제약1우,000225,KOSPI
KB 인버스 2X 항셍테크 선물 ETN,580019,KOSPI
ACE 애플밸류체인액티브,483420,KOSPI
ITF 200,472840,KOSPI
KB 레버리지 KOSDAQ 150 선물 ETN,580043,KOSPI
메리츠 인버스2X 미국채30년 스트립 ETN(H),610086,KOSPI
한투 레버리지국채30년 ETN,570108,KOSPI
메리츠 국채3년 ETN,610045,KOSPI
KODEX 미국S&P500경기소비재,453660,KOSPI
TRUSTON 코리아밸류업액티브,496130,KOSPI
에셋플러스 글로벌일등기업포커스10액티브,477490,KOSPI
메리츠 KAP 중국 위안화 ETN,610071,KOSPI
RISE 팔란티어고정테크100,0047R0,KOSPI
SOL 머니마켓액티브,484890,KOSPI
신한 S&P 유로 선물 ETN(H),500078,KOSPI
신한 S&P 레버리지 유로 선물 ETN(H),500080,KOSPI
신한 레버리지 Russell 2000 ETN,500056,KOSPI
N2 인버스 레버리지 WTI원유 선물 ETN(H),550043,KOSPI
HANARO 200 TOP10,407310,KOSPI
RISE 5대그룹주,105780,KOSPI
KB 인버스 2X 나스닥 100 ETN,580014,KOSPI
KODEX MSCI Korea,156080,KOSPI
덕성우,004835,KOSPI
메리츠 레버리지 대표 농산물 선물 ETN(H),610035,KOSPI
삼성 구리 선물 ETN(H),530095,KOSPI
메리츠 멕시코 페소화 ETN,610080,KOSPI
하나 레버리지 옥수수 선물 ETN(H),700011,KOSPI
ACE 인도시장대표BIG5그룹액티브,487920,KOSPI
KODEX 운송,140710,KOSPI
신한 코스피 200 TR ETN,500085,KOSPI
TIGER S&P글로벌인프라(합성),269370,KOSPI
RISE 테슬라고정테크100,0047P0,KOSPI
SOL 의료기기소부장Fn,464610,KOSPI
HANARO 미국S&P500,432840,KOSPI
삼성 코스피 200 TR ETN,530117,KOSPI
신한 S&P 인버스 유로 선물 ETN(H),500079,KOSPI
삼성 인버스 코스피 200 선물 ETN,530092,KOSPI
메리츠 KAP 일본 엔화 ETN,610068,KOSPI
KB 레버리지 은 선물 ETN(H),580026,KOSPI
KODEX MSCI밸류,275290,KOSPI
KODEX 코스닥글로벌,461450,KOSPI
RISE 글로벌수소경제,417450,KOSPI
메리츠 미국채10년 ETN,610074,KOSPI
KODEX MSCI모멘텀,275280,KOSPI
N2 레버리지 국채10년 ETN,550095,KOSPI
PLUS 글로벌수소&차세대연료전지,419650,KOSPI
SOL 반도체후공정,475310,KOSPI
TIGER AI코리아그로스액티브,365040,KOSPI
한투 베트남 VN30 선물 ETN(H),570063,KOSPI
키움 KPOP ETN,760006,KOSPI
메리츠 인버스 국채10년 ETN,610020,KOSPI
메리츠 레버리지 인도 루피화 ETN,610083,KOSPI
메리츠 인버스 3X 미국채30년 ETN,610079,KOSPI
메리츠 S&P 유럽탄소배출권 선물 ETN(H),610030,KOSPI
RISE 미국양자컴퓨팅,0018Z0,KOSPI
한투 S&P 유럽탄소배출권 선물 ETN(H),570074,KOSPI
KODEX 미국S&P500커뮤니케이션,463690,KOSPI
RISE 미국휴머노이드로봇,0036R0,KOSPI
메리츠 인도 루피화 ETN,610082,KOSPI
대원전선우,006345,KOSPI
한투 3X레버리지국채30년 ETN,570110,KOSPI
KIWOOM 블루칩,104520,KOSPI
KODEX 200 중소형,226980,KOSPI
RISE 미국S&P500엔화노출(합성 H),0005C0,KOSPI
FOCUS ESG리더스,285690,KOSPI
KB 미국채 10년 ETN,580059,KOSPI
TIGER LG그룹+펀더멘털,138530,KOSPI
신한 S&P 인버스 2X 유로 선물 ETN(H),500081,KOSPI
KB 인버스 2X 미국채 10년 선물 ETN,580064,KOSPI
신한 인버스 Russell 2000 ETN,500055,KOSPI
한투 플래티넘 선물 ETN,570052,KOSPI
ACE TDF2030액티브,0021D0,KOSPI
ACE 장기자산배분액티브,0021C0,KOSPI
에셋플러스 코리아대장장이액티브,442090,KOSPI
메리츠 미국채30년 ETN,610077,KOSPI
KODEX 200exTOP,337150,KOSPI
KIWOOM 미국블록버스터바이오테크의약품+,483030,KOSPI
TIGER 증권,157500,KOSPI
TIGER 지주회사,307520,KOSPI
신한 인버스 구리 선물 ETN(H),500008,KOSPI
RISE 인도디지털성장,498610,KOSPI
키움 리츠부동산인프라 ETN,760019,KOSPI
메리츠 솔랙티브 WTI원유 선물 ETN(H),610087,KOSPI
PLUS 글로벌휴머노이드로봇액티브,0035T0,KOSPI
메리츠 인버스 국채5년 ETN,610051,KOSPI
키움 레버리지 리츠부동산인프라 ETN,760020,KOSPI
KB 레버리지 미국채 10년 ETN,580060,KOSPI
SOL 글로벌탄소배출권선물ICE(합성),400590,KOSPI
한투 인버스 2X 유로스탁스50 ETN(H) B,570092,KOSPI
RISE 미국천연가스밸류체인,0036Z0,KOSPI
한투 일본 엔선물 ETN C,570094,KOSPI
신한 인버스 2X 구리 선물 ETN,500041,KOSPI
JW중외제약우,001065,KOSPI
ACE 미국부동산리츠(합성 H),181480,KOSPI
삼성 블룸버그 WTI원유 선물 ETN B,530132,KOSPI
WON 한국부동산TOP3플러스,480460,KOSPI
메리츠 인버스 3X 미국채10년 ETN,610076,KOSPI
KB 레버리지 미국채 10년 선물 ETN,580063,KOSPI
하나 반도체 ETN,700027,KOSPI
삼성 일본니케이225선물 ETN(H),530123,KOSPI
SOL 미국500타겟커버드콜액티브,494210,KOSPI
KIWOOM 엔비디아미국30년국채혼합액티브(H),0015E0,KOSPI
한투 인버스 2X 일본 엔선물 ETN,570096,KOSPI
KIWOOM 미국달러SOFR금리액티브(합성),460270,KOSPI
삼성 인버스 China A50 선물 ETN(H) B,530135,KOSPI
TREX 펀더멘탈 200,145850,KOSPI
마이티 코스피100,159800,KOSPI
KoAct 글로벌양자컴퓨팅액티브,0020H0,KOSPI
에셋플러스 글로벌대장장이액티브,433220,KOSPI
메리츠 인버스 3X 국채3년 ETN,610056,KOSPI
TIGER 탄소효율그린뉴딜,376410,KOSPI
HANARO 글로벌금채굴기업,473640,KOSPI
메리츠 KAP 인버스 2X 일본 엔화 ETN,610070,KOSPI
삼성 미국다우존스 ETN,530127,KOSPI
ACE 레버리지,152500,KOSPI
삼성 코스피 양매도 5% OTM ETN,530060,KOSPI
VITA 밸류알파액티브,452440,KOSPI
신한 인버스 달러인덱스 선물 ETN(H),500012,KOSPI
TIGER 이머징마켓MSCI레버리지(합성 H),225060,KOSPI
한투 인버스 은 선물 ETN,570058,KOSPI
한투 블룸버그 인도네시아 대표원자재 ETN,570085,KOSPI
KB 미국채 30년 ETN,580061,KOSPI
TIGER MKF배당귀족,445910,KOSPI
PLUS 미국양자컴퓨팅TOP10,0023B0,KOSPI
TIGER 은행,091220,KOSPI
삼성 인버스 구리 선물 ETN(H),530096,KOSPI
TIGER 미국달러선물레버리지,261110,KOSPI
한투 인버스 나스닥100 ETN B,570101,KOSPI
KODEX 한중반도체(합성),450190,KOSPI
KODEX 기후변화솔루션,404260,KOSPI
TRUSTON 주주가치액티브,472720,KOSPI
대덕1우,00806K,KOSPI
SOL 국고채30년액티브,474390,KOSPI
메리츠 인버스 3X 국채5년 ETN,610058,KOSPI
KODEX 미국스마트모빌리티S&P,390400,KOSPI
성신양회우,004985,KOSPI
메리츠 미국채30년 스트립 ETN(H),610084,KOSPI
PLUS S&P글로벌인프라,269530,KOSPI
메리츠 KAP 인버스 2X 중국 위안화 ETN,610073,KOSPI
한투 S&P 엔달러 선물 ETN(H),570097,KOSPI
KB STAR 50 ETN,580050,KOSPI
RISE 테슬라애플아마존채권혼합,449580,KOSPI
신한 코스닥 150 TR ETN,500086,KOSPI
TIMEFOLIO K신재생에너지액티브,404120,KOSPI
한투 레버리지 일본 엔선물 ETN C,570095,KOSPI
삼성 인버스 코스닥 150 선물 ETN,530094,KOSPI
메리츠 CSI 300 ETN,610032,KOSPI
KODEX 미국클린에너지나스닥,419420,KOSPI
SOL 미국S&P500엔화노출(H),499150,KOSPI
한투 인버스 베트남 VN30 선물 ETN(H),570064,KOSPI
KB 코스닥 150 TR ETN,580065,KOSPI
PLUS ESG성장주액티브,395760,KOSPI
PLUS K리츠,429740,KOSPI
KB 레버리지 구리 선물 ETN(H),580032,KOSPI
HANARO 글로벌워터MSCI(합성),424460,KOSPI
PLUS 글로벌원자력밸류체인,0007G0,KOSPI
HK S&P코리아로우볼,215620,KOSPI
PLUS 태양광&ESS,457990,KOSPI
신한 인버스 금 선물 ETN(H),500006,KOSPI
신한 인버스 2X 미국달러 선물 ETN,500036,KOSPI
에셋플러스 글로벌영에이지액티브,451150,KOSPI
삼성 인버스 2X 구리 선물 ETN(H),530064,KOSPI
삼성 인버스 China A50 선물 ETN(H),530002,KOSPI
TIGER 금은선물(H),139320,KOSPI
KIWOOM 200선물레버리지,253250,KOSPI
한투 인버스 2X 금 선물 ETN,570060,KOSPI
에셋플러스 인도일등기업포커스20액티브,0002C0,KOSPI
HANARO 고배당,322410,KOSPI
TIGER 유로스탁스레버리지(합성 H),225050,KOSPI
RISE TDF2040액티브,442560,KOSPI
메리츠 대표 농산물 선물 ETN(H),610034,KOSPI
파워 고배당저변동성,192720,KOSPI
ITF K-AI반도체코어테크,0005G0,KOSPI
RISE 미국반도체인버스(합성 H),491630,KOSPI
KoAct 글로벌친환경전력인프라액티브,475070,KOSPI
KODEX 혁신기술테마액티브,364690,KOSPI
SOL 팔란티어커버드콜OTM채권혼합,0040Y0,KOSPI
SOL KRX300,292500,KOSPI
PLUS 차이나AI테크TOP10,0047N0,KOSPI
KB S&P 유럽탄소배출권 선물 ETN(H),580035,KOSPI
TIGER 코리아테크액티브,471780,KOSPI
HANARO 글로벌반도체TOP10 SOLACTIVE,464060,KOSPI
TIGER KRX300,292160,KOSPI
한화우,000885,KOSPI
KB 레버리지 미국채 30년 ETN,580062,KOSPI
SOL 차이나육성산업액티브(합성),415760,KOSPI
한투 인버스 금 선물 ETN,570056,KOSPI
TIGER 미국소비트렌드액티브,0015K0,KOSPI
신한 레버리지 10년 국채선물 ETN,500067,KOSPI
메리츠 인버스 3X 국채10년 ETN,610060,KOSPI
ACE 코스피,305050,KOSPI
BNK 미래전략기술액티브,457930,KOSPI
RISE 주식혼합,183710,KOSPI
한투 S&P 레버리지 엔달러 선물 ETN(H),570098,KOSPI
한투 레버리지미국채30년 ETN,570109,KOSPI
한투 3X레버리지미국채30년 ETN,570111,KOSPI
TIGER 단기선진하이일드(합성 H),182490,KOSPI
KoAct 브로드컴밸류체인액티브,0051A0,KOSPI
한투 인버스 2X 은 선물 ETN,570062,KOSPI
키움 레버리지 바이오TOP10 ETN,760015,KOSPI
ACE 일라이릴리밸류체인,497520,KOSPI
KODEX 아시아AI반도체exChina액티브,446690,KOSPI
RISE 글로벌데이터센터리츠(합성),375270,KOSPI
한양증권우,001755,KOSPI
TIGER 경기방어채권혼합,237440,KOSPI
에셋플러스 글로벌다이나믹시니어액티브,462340,KOSPI
HANARO 탄소효율그린뉴딜,375760,KOSPI
ACE 글로벌빅파마,497510,KOSPI
RISE 미국은행TOP10,0013P0,KOSPI
TIMEFOLIO K이노베이션액티브,385710,KOSPI
코오롱모빌리티그룹우,45014K,KOSPI
HANARO 바이오코리아액티브,498050,KOSPI
PLUS 200선물레버리지,253150,KOSPI
크라운제과우,26490K,KOSPI
KODEX 멀티팩터,337120,KOSPI
RISE 중소형고배당,281990,KOSPI
PLUS 국채선물10년,289670,KOSPI
노루홀딩스우,000325,KOSPI
SOL 유럽탄소배출권선물S&P(H),400580,KOSPI
한투 인버스 유로스탁스50 ETN(H) C,570091,KOSPI
RISE 미국장기국채선물(H),267440,KOSPI
PLUS 미국AI에이전트,0050E0,KOSPI
TIGER MSCI KOREA ESG리더스,289260,KOSPI
KIWOOM Fn유전자혁신기술,460280,KOSPI
KODEX KTOP30,229720,KOSPI
TIMEFOLIO 코리아밸류업액티브,495060,KOSPI
TIGER 의료기기,307510,KOSPI
메리츠 인버스 2X 금 선물 ETN(H),610013,KOSPI
WON 200,448100,KOSPI
WON AI ESG액티브,413930,KOSPI
KODEX K-뉴딜디지털플러스,368680,KOSPI
TIGER 우선주,261140,KOSPI
삼성 인버스 은 선물 ETN(H),530090,KOSPI
신한 인버스 다우존스지수 선물 ETN(H),500010,KOSPI
메리츠 STAR 50 ETN,610033,KOSPI
마이다스 일본테크액티브,488290,KOSPI
KIWOOM 글로벌전력GRID인프라,489860,KOSPI
미래에셋 -2X 홍콩H 선물 ETN(H),520069,KOSPI
KIWOOM TDF2050액티브,435550,KOSPI
KODEX 코스닥150롱코스피200숏선물,360150,KOSPI
N2 인버스 레버리지 금 선물 ETN(H),550063,KOSPI
TREX 200,108590,KOSPI
TIGER 로우볼,174350,KOSPI
KODEX MSCI KOREA ESG유니버설,289040,KOSPI
ACE 삼성그룹동일가중,131890,KOSPI
RISE TDF2030액티브,442550,KOSPI
KODEX 200동일가중,252650,KOSPI
RISE 200금융,284980,KOSPI
SOL 자동차소부장Fn,464600,KOSPI
KIWOOM TDF2040액티브,435540,KOSPI
RISE KQ고배당,270800,KOSPI
청호ICT,012600,KOSPI
TIGER 미국나스닥넥스트100,429010,KOSPI
마이다스 중소형액티브,438740,KOSPI
PLUS 국채선물3년,298340,KOSPI
RISE V&S셀렉트밸류,234310,KOSPI
FOCUS KRX300,292730,KOSPI
PLUS 코스피,227830,KOSPI
KIWOOM 코스피100,153270,KOSPI
하나 인버스 2X 코스닥150 선물 ETN,700018,KOSPI
PLUS 고배당저변동50,251590,KOSPI
SK증권우,001515,KOSPI
RISE 헬스케어,253280,KOSPI
KIWOOM 의료AI,483020,KOSPI
신한 인버스 2X 10년 국채선물 ETN,500068,KOSPI
TIGER 한중전기차(합성),449680,KOSPI
RISE 글로벌클린에너지,399580,KOSPI
신한 인버스 은 선물 ETN(H),500007,KOSPI
N2 인버스 레버리지 은 선물 ETN(H),550065,KOSPI
메리츠 인버스 2X 은 선물 ETN(H),610017,KOSPI
삼성 인버스 금 선물 ETN(H),530084,KOSPI
KIWOOM TDF2030액티브,435530,KOSPI
ACE 중국과창판STAR50,416090,KOSPI
TIGER 코스피대형주,277640,KOSPI
RISE 우량업종대표주,140580,KOSPI
흥국화재우,000545,KOSPI
대신 S&P 2X 천연가스 선물 ETN B,510037,KOSPI
한화갤러리아우,45226K,KOSPI
HANARO 글로벌탄소배출권선물ICE(합성),401590,KOSPI
KB 레버리지 콩 선물 ETN,580053,KOSPI
KODEX 모멘텀Plus,244620,KOSPI
TIGER 200커버드콜OTM,166400,KOSPI
KIWOOM K-반도체북미공급망,488210,KOSPI
HANARO KRX300,304760,KOSPI
TIGER 모멘텀,147970,KOSPI
KODEX 국채선물10년인버스,176950,KOSPI
RISE 미국장기국채선물레버리지(합성 H),267490,KOSPI
키움 바이오TOP10 ETN,760014,KOSPI
TIGER 미국S&P500선물인버스(H),225030,KOSPI
TIGER 200 생활소비재,227560,KOSPI
TIGER MSCI KOREA ESG유니버설,289250,KOSPI
TIGER 원유선물인버스(H),217770,KOSPI
메리츠 천연가스 선물 ETN(H),610043,KOSPI
PLUS 미국달러SOFR금리액티브(합성),456200,KOSPI
KODEX 최소변동성,279540,KOSPI
SOL 미국테크TOP10인버스(합성),481200,KOSPI
SOL 200 Top10,411540,KOSPI
KB 인버스 2X 구리 선물 ETN(H),580033,KOSPI
SOL KRX기후변화솔루션,404650,KOSPI
KIWOOM 차이나A50커넥트MSCI,441330,KOSPI
노루페인트우,090355,KOSPI
PLUS 주도업종,280920,KOSPI
RISE 일본섹터TOP4Plus,488480,KOSPI
PLUS 글로벌MSCI(합성 H),189400,KOSPI
삼성 인버스 2X 항셍테크 ETN(H) B,530122,KOSPI
ACE 싱가포르리츠,316300,KOSPI
RISE 미국달러선물인버스,469530,KOSPI
KODEX 미국30년국채울트라선물인버스(H),304670,KOSPI
KIWOOM K-테크TOP10,469790,KOSPI
대신 인버스 천연가스 선물 ETN(H) B,510043,KOSPI
PLUS 글로벌AI인프라,489010,KOSPI
TIGER 우량가치,227570,KOSPI
TIGER 200커뮤니케이션서비스,315270,KOSPI
PLUS 글로벌HBM반도체,442580,KOSPI
RISE KRX300,292050,KOSPI
KoAct 미국뇌질환치료제액티브,490330,KOSPI
메리츠 레버리지 미국채10년 ETN(H),610023,KOSPI
RISE 국채선물10년,295000,KOSPI
KoAct AI인프라액티브,487130,KOSPI
RISE 코리아금융고배당,498860,KOSPI
KODEX 골드선물인버스(H),280940,KOSPI
ACE 중국본토CSI300레버리지(합성),219900,KOSPI
KIWOOM 미국원유에너지기업,474800,KOSPI
KIWOOM K-2차전지북미공급망,488200,KOSPI
신한 인버스 2X Russell 2000 ETN,500057,KOSPI
KB 인버스 2X KOSPI 200 선물 ETN,580040,KOSPI
TIGER KRX기후변화솔루션,404540,KOSPI
RISE 미국장기국채선물인버스(H),267450,KOSPI
ACE Fn성장소비주도주,226380,KOSPI
SOL 유럽탄소배출권선물인버스ICE(H),459370,KOSPI
ACE 필리핀MSCI(합성),261920,KOSPI
SOL 한국형글로벌전기차&2차전지액티브,429980,KOSPI
PLUS 200선물인버스2X,253160,KOSPI
KIWOOM 코스닥글로벌,467540,KOSPI
KODEX 코리아혁신성장액티브,373490,KOSPI
일양약품우,007575,KOSPI
KB 인버스 2X S&P 500 선물 ETN,580017,KOSPI
HANARO Fn5G산업,367740,KOSPI
TIGER KTOP30,228820,KOSPI
TIGER 라틴35,105010,KOSPI
RISE 글로벌농업경제,437370,KOSPI
키움 반도체TOP10 ETN,760012,KOSPI
KODEX 콩선물(H),138920,KOSPI
TIGER 코스닥글로벌,461580,KOSPI
1Q 미국배당30,0004G0,KOSPI
RISE 국채선물5년추종,397420,KOSPI
PLUS 신흥국MSCI인버스(합성 H),373530,KOSPI
KIWOOM 200선물인버스2X,253230,KOSPI
한투 인버스 2X S&P500 선물 ETN(H),570023,KOSPI
PLUS ESG가치주액티브,395750,KOSPI
하나 블룸버그 2X 천연가스 선물 ETN(H) B,700025,KOSPI
HK 베스트일레븐액티브,391670,KOSPI
ACE Fn5G플러스,380340,KOSPI
HANARO Fn K-메타버스MZ,402460,KOSPI
KODEX 한중전기차(합성),450180,KOSPI
ACE 일본TOPIX인버스(합성 H),205720,KOSPI
RISE 국채선물3년,432600,KOSPI
하이트진로홀딩스우,000145,KOSPI
메리츠 인버스 3X 국채30년 ETN,610062,KOSPI
크라운해태홀딩스우,005745,KOSPI
KODEX 멀티에셋하이인컴(H),321410,KOSPI
삼성 인버스 2X 은 선물 ETN(H),530062,KOSPI
HANARO 농업융복합산업,314700,KOSPI
TIMEFOLIO 글로벌안티에이징바이오액티브,485810,KOSPI
HANARO KAP초장기국고채,346000,KOSPI
RISE 수출주,140570,KOSPI
KODEX MSCI EM선물(H),291890,KOSPI
RISE 글로벌비만산업TOP2+,476310,KOSPI
PLUS 코스닥150,301400,KOSPI
깨끗한나라우,004545,KOSPI
HANARO 200선물레버리지1.5X,486780,KOSPI
동부건설우,005965,KOSPI
동원시스템즈우,014825,KOSPI
티와이홀딩스우,36328K,KOSPI
HANARO Fn친환경에너지,381570,KOSPI
KCGI 스마트커머스액티브,407170,KOSPI
계양전기우,012205,KOSPI
RISE 200선물인버스,252410,KOSPI
TIGER 200 경기소비재,139290,KOSPI
KODEX 경기소비재,266390,KOSPI
KODEX 밸류Plus,244670,KOSPI
PLUS 심천차이넥스트(합성),256450,KOSPI
TIGER 200 산업재,227550,KOSPI
TIGER 200동일가중,252000,KOSPI
KIWOOM 미국방어배당성장나스닥,373790,KOSPI
KODEX 퀄리티Plus,244660,KOSPI
KCGI 테크미디어텔레콤액티브,407160,KOSPI
코리아써키트2우B,00781K,KOSPI
KIWOOM 차이나내수소비TOP CSI,454180,KOSPI
HANARO 미국메타버스iSelect,419170,KOSPI
RISE 팔라듐선물(H),334690,KOSPI
RISE 차이나H선물인버스(H),291680,KOSPI
UNICORN R&D 액티브,433250,KOSPI
미래에셋 인버스 원유선물혼합 ETN(H),520011,KOSPI
금강공업우,014285,KOSPI
UNICORN 포스트IPO액티브,476000,KOSPI
키움 2차전지산업 ETN,760010,KOSPI
남선알미우,008355,KOSPI
BNK 온디바이스AI,487750,KOSPI
ACE 미국중심중소형제조업,0008E0,KOSPI
RISE 플랫폼테마,427120,KOSPI
HANARO CD금리액티브(합성),471290,KOSPI
HANARO 코스닥150선물레버리지1.5X,486790,KOSPI
HANARO 반도체핵심공정주도주,476260,KOSPI
태영건설우,009415,KOSPI
진흥기업우B,002785,KOSPI
TIGER 코스피중형주,277650,KOSPI
SOL 차이나강소기업CSI500(합성 H),220130,KOSPI
신한 인버스 2X S&P500 선물 ETN,500051,KOSPI
신한 인버스 2X 은 선물 ETN(H),500030,KOSPI
SOL 차이나태양광CSI(합성),413220,KOSPI
KIWOOM 코스닥150선물인버스,291620,KOSPI
KB 인버스 2X 금 선물 ETN(H),580023,KOSPI
BNK 2차전지양극재,466810,KOSPI
HANARO 200선물인버스,306520,KOSPI
금호건설우,002995,KOSPI
TIGER 200 철강소재,139240,KOSPI
CJ씨푸드1우,011155,KOSPI
TIGER 200에너지화학레버리지,243890,KOSPI
TIGER 금속선물(H),139310,KOSPI
KIWOOM 200선물인버스,253240,KOSPI
PLUS 스마트베타Quality채권혼합,238670,KOSPI
KB 인버스 2X 은 선물 ETN(H),580027,KOSPI
유유제약2우B,000227,KOSPI
PLUS 중형주저변동50,266550,KOSPI
KIWOOM 글로벌리츠이지스액티브,437550,KOSPI
KIWOOM 미국ETF산업STOXX,426330,KOSPI
KIWOOM SK그룹대표주,450120,KOSPI
KIWOOM 리츠이지스액티브,429870,KOSPI
KIWOOM 글로벌전력반도체,473500,KOSPI
진흥기업2우B,002787,KOSPI
TIGER 방송통신,098560,KOSPI
성문전자우,014915,KOSPI
KoAct 테크핵심소재공급망액티브,482030,KOSPI
서울식품우,004415,KOSPI
RISE 팔라듐선물인버스(H),334700,KOSPI
PLUS TDF2040액티브,433860,KOSPI
ACE 인버스,145670,KOSPI
키움 레버리지 2차전지산업 ETN,760011,KOSPI
PLUS TDF2050액티브,433870,KOSPI
동양우,001525,KOSPI
HANARO Fn골프테마,407300,KOSPI
TIGER 코스닥150IT,261060,KOSPI
PLUS 글로벌희토류&전략자원생산기업,415920,KOSPI
ACE 미국빅테크TOP7 Plus인버스(합성),465620,KOSPI
동양2우B,001527,KOSPI
PLUS TDF2030액티브,433850,KOSPI
신한 인버스 브렌트원유 선물 ETN(H),500005,KOSPI
RISE 코스닥150선물인버스,275750,KOSPI
N2 인버스 레버리지 S&P500 ETN,550045,KOSPI
KIWOOM 코스닥150선물레버리지,291630,KOSPI
신한 인버스 2X 금 선물 ETN,500038,KOSPI
PLUS 코스닥150선물인버스,301410,KOSPI
HANARO 코스닥150선물레버리지,306530,KOSPI
HANARO 미국애그테크,472490,KOSPI
UNICORN 생성형AI강소기업액티브,470310,KOSPI
HANARO 글로벌백신치료제MSCI,432850,KOSPI
TIGER BBIG레버리지,412560,KOSPI
RISE 국채선물5년추종인버스,397410,KOSPI
알테오젠,196170,KOSDAQ
에코프로비엠,247540,KOSDAQ
HLB,028300,KOSDAQ
에코프로,086520,KOSDAQ
레인보우로보틱스,277810,KOSDAQ
펩트론,087010,KOSDAQ
파마리서치,214450,KOSDAQ
휴젤,145020,KOSDAQ
리가켐바이오,141080,KOSDAQ
클래시스,214150,KOSDAQ
삼천당제약,000250,KOSDAQ
에이비엘바이오,298380,KOSDAQ
리노공업,058470,KOSDAQ
코오롱티슈진,950160,KOSDAQ
에스엠,041510,KOSDAQ
JYP Ent.,035900,KOSDAQ
실리콘투,257720,KOSDAQ
펄어비스,263750,KOSDAQ
셀트리온제약,068760,KOSDAQ
보로노이,310210,KOSDAQ
HPSP,403870,KOSDAQ
케어젠,214370,KOSDAQ
씨젠,096530,KOSDAQ
파크시스템스,140860,KOSDAQ
젬백스,082270,KOSDAQ
이오테크닉스,039030,KOSDAQ
신성델타테크,065350,KOSDAQ
주성엔지니어링,036930,KOSDAQ
네이처셀,007390,KOSDAQ
에스티팜,237690,KOSDAQ
브이티,018290,KOSDAQ
동진쎄미켐,005290,KOSDAQ
루닛,328130,KOSDAQ
와이지엔터테인먼트,122870,KOSDAQ
서진시스템,178320,KOSDAQ
테크윙,089030,KOSDAQ
스튜디오드래곤,253450,KOSDAQ
엔켐,348370,KOSDAQ
솔브레인,357780,KOSDAQ
메디톡스,086900,KOSDAQ
카카오게임즈,293490,KOSDAQ
디어유,376300,KOSDAQ
CJ ENM,035760,KOSDAQ
HK이노엔,195940,KOSDAQ
하이젠알앤엠,160190,KOSDAQ
메지온,140410,KOSDAQ
비에이치아이,083650,KOSDAQ
고영,098460,KOSDAQ
카페24,042000,KOSDAQ
대주전자재료,078600,KOSDAQ
원익IPS,240810,KOSDAQ
ISC,095340,KOSDAQ
지아이이노베이션,358570,KOSDAQ
티씨케이,064760,KOSDAQ
오스코텍,039200,KOSDAQ
디앤디파마텍,347850,KOSDAQ
SOOP,067160,KOSDAQ
제이앤티씨,204270,KOSDAQ
올릭스,226950,KOSDAQ
국일제지,078130,KOSDAQ
덕산네오룩스,213420,KOSDAQ
원텍,336570,KOSDAQ
유일로보틱스,388720,KOSDAQ
하림지주,003380,KOSDAQ
넥슨게임즈,225570,KOSDAQ
위메이드,112040,KOSDAQ
레이크머티리얼즈,281740,KOSDAQ
피엔티,137400,KOSDAQ
와이씨,232140,KOSDAQ
동성화인텍,033500,KOSDAQ
동국제약,086450,KOSDAQ
에스에프에이,056190,KOSDAQ
로보티즈,108490,KOSDAQ
에스앤에스텍,101490,KOSDAQ
필옵틱스,161580,KOSDAQ
유진테크,084370,KOSDAQ
HLB생명과학,067630,KOSDAQ
성광벤드,014620,KOSDAQ
태성,323280,KOSDAQ
펌텍코리아,251970,KOSDAQ
하나마이크론,067310,KOSDAQ
LS머트리얼즈,417200,KOSDAQ
피에스케이홀딩스,031980,KOSDAQ
안랩,053800,KOSDAQ
LS마린솔루션,060370,KOSDAQ
비츠로셀,082920,KOSDAQ
아난티,025980,KOSDAQ
엠로,058970,KOSDAQ
엘앤씨바이오,290650,KOSDAQ
차바이오텍,085660,KOSDAQ
코나아이,052400,KOSDAQ
솔브레인홀딩스,036830,KOSDAQ
현대힘스,460930,KOSDAQ
HLB테라퓨틱스,115450,KOSDAQ
우리기술투자,041190,KOSDAQ
휴온스글로벌,084110,KOSDAQ
HLB제약,047920,KOSDAQ
휴메딕스,200670,KOSDAQ
코미코,183300,KOSDAQ
심텍,222800,KOSDAQ
나노신소재,121600,KOSDAQ
비올,335890,KOSDAQ
한글과컴퓨터,030520,KOSDAQ
쎄트렉아이,099320,KOSDAQ
메가스터디교육,215200,KOSDAQ
SAMG엔터,419530,KOSDAQ
시노펙스,025320,KOSDAQ
넥스틴,348210,KOSDAQ
티앤엘,340570,KOSDAQ
네오위즈,095660,KOSDAQ
씨아이에스,222080,KOSDAQ
에스피지,058610,KOSDAQ
바이넥스,053030,KOSDAQ
피에스케이,319660,KOSDAQ
파두,440110,KOSDAQ
제룡전기,033100,KOSDAQ
다우데이타,032190,KOSDAQ
아이쓰리시스템,214430,KOSDAQ
현대바이오,048410,KOSDAQ
에코프로에이치엔,383310,KOSDAQ
하나머티리얼즈,166090,KOSDAQ
태광,023160,KOSDAQ
바이오다인,314930,KOSDAQ
이뮨온시아,424870,KOSDAQ
위메이드맥스,101730,KOSDAQ
컴투스,078340,KOSDAQ
SFA반도체,036540,KOSDAQ
지엔씨에너지,119850,KOSDAQ
클로봇,466100,KOSDAQ
유바이오로직스,206650,KOSDAQ
웹젠,069080,KOSDAQ
이녹스첨단소재,272290,KOSDAQ
데브시스터즈,194480,KOSDAQ
삼현,437730,KOSDAQ
현대무벡스,319400,KOSDAQ
가온칩스,399720,KOSDAQ
큐리옥스바이오시스템즈,445680,KOSDAQ
코스메카코리아,241710,KOSDAQ
에스티큐브,052020,KOSDAQ
포스코엠텍,009520,KOSDAQ
아이센스,099190,KOSDAQ
바이오플러스,099430,KOSDAQ
테스,095610,KOSDAQ
미코,059090,KOSDAQ
인카금융서비스,211050,KOSDAQ
제주반도체,080220,KOSDAQ
유진로봇,056080,KOSDAQ
인벤티지랩,389470,KOSDAQ
두산테스나,131970,KOSDAQ
서부T&D,006730,KOSDAQ
신라젠,215600,KOSDAQ
티에스이,131290,KOSDAQ
원익QnC,074600,KOSDAQ
성우하이텍,015750,KOSDAQ
인텔리안테크,189300,KOSDAQ
큐로셀,372320,KOSDAQ
코엔텍,029960,KOSDAQ
아스테라시스,450950,KOSDAQ
RFHIC,218410,KOSDAQ
이엔에프테크놀로지,102710,KOSDAQ
씨앤씨인터내셔널,352480,KOSDAQ
원익홀딩스,030530,KOSDAQ
네오셈,253590,KOSDAQ
바이오니아,064550,KOSDAQ
동화기업,025900,KOSDAQ
한국기업평가,034950,KOSDAQ
골프존,215000,KOSDAQ
콜마비앤에이치,200130,KOSDAQ
동운아나텍,094170,KOSDAQ
오름테라퓨틱,475830,KOSDAQ
제우스,079370,KOSDAQ
감성코퍼레이션,036620,KOSDAQ
토모큐브,475960,KOSDAQ
스피어,347700,KOSDAQ
코미팜,041960,KOSDAQ
서희건설,035890,KOSDAQ
에프에스티,036810,KOSDAQ
글로벌텍스프리,204620,KOSDAQ
인화정공,101930,KOSDAQ
성일하이텍,365340,KOSDAQ
에코앤드림,101360,KOSDAQ
서울반도체,046890,KOSDAQ
솔트룩스,304100,KOSDAQ
대명에너지,389260,KOSDAQ
큐리언트,115180,KOSDAQ
에이프릴바이오,397030,KOSDAQ
바디텍메드,206640,KOSDAQ
쏠리드,050890,KOSDAQ
큐렉소,060280,KOSDAQ
케이아이엔엑스,093320,KOSDAQ
나우로보틱스,459510,KOSDAQ
퓨쳐켐,220100,KOSDAQ
파트론,091700,KOSDAQ
셀바스AI,108860,KOSDAQ
덕산테코피아,317330,KOSDAQ
엔젤로보틱스,455900,KOSDAQ
유티아이,179900,KOSDAQ
선익시스템,171090,KOSDAQ
하림,136480,KOSDAQ
한텍,098070,KOSDAQ
우리기술,032820,KOSDAQ
칩스앤미디어,094360,KOSDAQ
휴온스,243070,KOSDAQ
케이엠더블유,032500,KOSDAQ
하이록코리아,013030,KOSDAQ
삼표시멘트,038500,KOSDAQ
노머스,473980,KOSDAQ
켐트로닉스,089010,KOSDAQ
천보,278280,KOSDAQ
GST,083450,KOSDAQ
에스티아이,039440,KOSDAQ
신성에스티,416180,KOSDAQ
기가비스,420770,KOSDAQ
넥스트바이오메디컬,389650,KOSDAQ
갤럭시아머니트리,094480,KOSDAQ
중앙첨단소재,051980,KOSDAQ
에이직랜드,445090,KOSDAQ
대아티아이,045390,KOSDAQ
아이패밀리에스씨,114840,KOSDAQ
CMG제약,058820,KOSDAQ
지노믹트리,228760,KOSDAQ
인바디,041830,KOSDAQ
다원시스,068240,KOSDAQ
킵스파마,256940,KOSDAQ
오가노이드사이언스,476040,KOSDAQ
지씨셀,144510,KOSDAQ
비보존 제약,082800,KOSDAQ
코오롱생명과학,102940,KOSDAQ
동신건설,025950,KOSDAQ
제이브이엠,054950,KOSDAQ
넵튠,217270,KOSDAQ
에이치브이엠,295310,KOSDAQ
월덱스,101160,KOSDAQ
JTC,950170,KOSDAQ
브이엠,089970,KOSDAQ
삼목에스폼,018310,KOSDAQ
프레스티지바이오로직스,334970,KOSDAQ
CJ프레시웨이,051500,KOSDAQ
유니슨,018000,KOSDAQ
NHN KCP,060250,KOSDAQ
예스티,122640,KOSDAQ
코난테크놀로지,402030,KOSDAQ
한국비엔씨,256840,KOSDAQ
바텍,043150,KOSDAQ
태웅,044490,KOSDAQ
바이오비쥬,489460,KOSDAQ
디오,039840,KOSDAQ
노바렉스,194700,KOSDAQ
마녀공장,439090,KOSDAQ
메디포스트,078160,KOSDAQ
에이스침대,003800,KOSDAQ
한양이엔지,045100,KOSDAQ
필에너지,378340,KOSDAQ
듀켐바이오,176750,KOSDAQ
매일유업,267980,KOSDAQ
한국정보통신,025770,KOSDAQ
슈어소프트테크,298830,KOSDAQ
클리오,237880,KOSDAQ
씨메스,475400,KOSDAQ
가비아,079940,KOSDAQ
바이오솔루션,086820,KOSDAQ
HLB이노베이션,024850,KOSDAQ
우주일렉트로,065680,KOSDAQ
뉴로메카,348340,KOSDAQ
폴라리스오피스,041020,KOSDAQ
에스에이엠티,031330,KOSDAQ
아주IB투자,027360,KOSDAQ
샘씨엔에스,252990,KOSDAQ
제이오,418550,KOSDAQ
석경에이티,357550,KOSDAQ
대화제약,067080,KOSDAQ
오리엔탈정공,014940,KOSDAQ
아이씨티케이,456010,KOSDAQ
오픈엣지테크놀로지,394280,KOSDAQ
인탑스,049070,KOSDAQ
한중엔시에스,107640,KOSDAQ
엠아이텍,179290,KOSDAQ
툴젠,199800,KOSDAQ
더블유씨피,393890,KOSDAQ
아이티엠반도체,084850,KOSDAQ
에스앤디,260970,KOSDAQ
티엑스알로보틱스,484810,KOSDAQ
유진기업,023410,KOSDAQ
토비스,051360,KOSDAQ
뷰노,338220,KOSDAQ
원익머트리얼즈,104830,KOSDAQ
미래에셋벤처투자,100790,KOSDAQ
KG에코솔루션,151860,KOSDAQ
제테마,216080,KOSDAQ
에치에프알,230240,KOSDAQ
에코마케팅,230360,KOSDAQ
큐브엔터,182360,KOSDAQ
슈프리마,236200,KOSDAQ
상아프론테크,089980,KOSDAQ
엑스게이트,356680,KOSDAQ
비덴트,121800,KOSDAQ
진성티이씨,036890,KOSDAQ
시너지이노베이션,048870,KOSDAQ
엣지파운드리,105550,KOSDAQ
와이씨켐,112290,KOSDAQ
인트로메딕,150840,KOSDAQ
프로텍,053610,KOSDAQ
피아이이,452450,KOSDAQ
GRT,900290,KOSDAQ
로보스타,090360,KOSDAQ
원일티엔아이,136150,KOSDAQ
AP시스템,265520,KOSDAQ
인선이엔티,060150,KOSDAQ
한국정보인증,053300,KOSDAQ
나이벡,138610,KOSDAQ
세경하이테크,148150,KOSDAQ
이트론,096040,KOSDAQ
SG,255220,KOSDAQ
제이에스링크,127120,KOSDAQ
오리엔트정공,065500,KOSDAQ
파이버프로,368770,KOSDAQ
오상헬스케어,036220,KOSDAQ
에스바이오메딕스,304360,KOSDAQ
동방메디컬,240550,KOSDAQ
KG이니시스,035600,KOSDAQ
이지홀딩스,035810,KOSDAQ
이스트소프트,047560,KOSDAQ
디아이티,110990,KOSDAQ
온코닉테라퓨틱스,476060,KOSDAQ
에스오에스랩,464080,KOSDAQ
셀비온,308430,KOSDAQ
파멥신,208340,KOSDAQ
모트렉스,118990,KOSDAQ
폰드그룹,472850,KOSDAQ
풍원정밀,371950,KOSDAQ
아나패스,123860,KOSDAQ
인터로조,119610,KOSDAQ
LS증권,078020,KOSDAQ
씨에스베어링,297090,KOSDAQ
미래나노텍,095500,KOSDAQ
아스트,067390,KOSDAQ
아이티센글로벌,124500,KOSDAQ
다날,064260,KOSDAQ
뷰웍스,100120,KOSDAQ
티로보틱스,117730,KOSDAQ
티에프이,425420,KOSDAQ
KH바텍,060720,KOSDAQ
제닉,123330,KOSDAQ
휴림로봇,090710,KOSDAQ
포바이포,389140,KOSDAQ
골프존홀딩스,121440,KOSDAQ
안트로젠,065660,KOSDAQ
우양에이치씨,101970,KOSDAQ
네오팜,092730,KOSDAQ
아이스크림미디어,461300,KOSDAQ
하이비젼시스템,126700,KOSDAQ
한솔아이원스,114810,KOSDAQ
윤성에프앤씨,372170,KOSDAQ
대양전기공업,108380,KOSDAQ
제넥신,095700,KOSDAQ
에이유브랜즈,481070,KOSDAQ
파인엠텍,441270,KOSDAQ
유니테스트,086390,KOSDAQ
위지윅스튜디오,299900,KOSDAQ
자람테크놀로지,389020,KOSDAQ
뉴파워프라즈마,144960,KOSDAQ
쿠콘,294570,KOSDAQ
푸른소나무,057880,KOSDAQ
동원개발,013120,KOSDAQ
박셀바이오,323990,KOSDAQ
앱클론,174900,KOSDAQ
해성산업,034810,KOSDAQ
디지털대성,068930,KOSDAQ
피에이치에이,043370,KOSDAQ
오로스테크놀로지,322310,KOSDAQ
에브리봇,270660,KOSDAQ
로체시스템즈,071280,KOSDAQ
쓰리빌리언,394800,KOSDAQ
폴라리스AI,039980,KOSDAQ
아티스트컴퍼니,321820,KOSDAQ
텔레칩스,054450,KOSDAQ
그래디언트,035080,KOSDAQ
잉글우드랩,950140,KOSDAQ
미래반도체,254490,KOSDAQ
티씨머티리얼즈,125020,KOSDAQ
이노스페이스,462350,KOSDAQ
비츠로테크,042370,KOSDAQ
케이프,064820,KOSDAQ
제일일렉트릭,199820,KOSDAQ
탑런토탈솔루션,336680,KOSDAQ
모두투어,080160,KOSDAQ
엑세스바이오,950130,KOSDAQ
탑머티리얼,360070,KOSDAQ
퀄리타스반도체,432720,KOSDAQ
압타바이오,293780,KOSDAQ
나무가,190510,KOSDAQ
와이지-원,019210,KOSDAQ
펨트론,168360,KOSDAQ
쇼박스,086980,KOSDAQ
AP위성,211270,KOSDAQ
나이스정보통신,036800,KOSDAQ
케이티알파,036030,KOSDAQ
한국알콜,017890,KOSDAQ
한국캐피탈,023760,KOSDAQ
아가방컴퍼니,013990,KOSDAQ
씨어스테크놀로지,458870,KOSDAQ
유비케어,032620,KOSDAQ
휴마시스,205470,KOSDAQ
랩지노믹스,084650,KOSDAQ
아바코,083930,KOSDAQ
디앤씨미디어,263720,KOSDAQ
이화전기,024810,KOSDAQ
매커스,093520,KOSDAQ
리파인,377450,KOSDAQ
웹케시,053580,KOSDAQ
로킷헬스케어,376900,KOSDAQ
에이디테크놀로지,200710,KOSDAQ
동국산업,005160,KOSDAQ
LB세미콘,061970,KOSDAQ
인터플렉스,051370,KOSDAQ
멀티캠퍼스,067280,KOSDAQ
성우,458650,KOSDAQ
이엠텍,091120,KOSDAQ
레드캡투어,038390,KOSDAQ
더즌,462860,KOSDAQ
삼양엔씨켐,482630,KOSDAQ
KZ정밀,036560,KOSDAQ
현대사료,016790,KOSDAQ
아티스트스튜디오,200350,KOSDAQ
앱트뉴로사이언스,270520,KOSDAQ
서호전기,065710,KOSDAQ
비나텍,126340,KOSDAQ
에스와이스틸텍,365330,KOSDAQ
디와이피엔에프,104460,KOSDAQ
이지바이오,353810,KOSDAQ
대동기어,008830,KOSDAQ
이크레더블,092130,KOSDAQ
어보브반도체,102120,KOSDAQ
유니셈,036200,KOSDAQ
에스와이,109610,KOSDAQ
이수앱지스,086890,KOSDAQ
BGF에코머티리얼즈,126600,KOSDAQ
경동제약,011040,KOSDAQ
노바텍,285490,KOSDAQ
HB테크놀러지,078150,KOSDAQ
덱스터,206560,KOSDAQ
드림시큐리티,203650,KOSDAQ
모다이노칩,080420,KOSDAQ
대원산업,005710,KOSDAQ
덕산하이메탈,077360,KOSDAQ
네오위즈홀딩스,042420,KOSDAQ
소룩스,290690,KOSDAQ
유비쿼스홀딩스,078070,KOSDAQ
네패스,033640,KOSDAQ
와이솔,122990,KOSDAQ
우진엔텍,457550,KOSDAQ
티엘비,356860,KOSDAQ
KX,122450,KOSDAQ
HB솔루션,297890,KOSDAQ
DSC인베스트먼트,241520,KOSDAQ
엠케이전자,033160,KOSDAQ
알서포트,131370,KOSDAQ
에스피소프트,443670,KOSDAQ
KT나스미디어,089600,KOSDAQ
사피엔반도체,452430,KOSDAQ
엔케이맥스,182400,KOSDAQ
켄코아에어로스페이스,274090,KOSDAQ
사람인,143240,KOSDAQ
에이텍,045660,KOSDAQ
흥구석유,024060,KOSDAQ
코텍,052330,KOSDAQ
젝시믹스,337930,KOSDAQ
파워로직스,047310,KOSDAQ
아이디스,143160,KOSDAQ
삼지전자,037460,KOSDAQ
이니텍,053350,KOSDAQ
NICE인프라,063570,KOSDAQ
헥토이노베이션,214180,KOSDAQ
와이즈넛,096250,KOSDAQ
제이엘케이,322510,KOSDAQ
지니언스,263860,KOSDAQ
동양이엔피,079960,KOSDAQ
네오이뮨텍,950220,KOSDAQ
마크로젠,038290,KOSDAQ
에이비온,203400,KOSDAQ
알멕,354320,KOSDAQ
한라IMS,092460,KOSDAQ
엠에스씨,009780,KOSDAQ
대한약품,023910,KOSDAQ
케이에스피,073010,KOSDAQ
녹십자웰빙,234690,KOSDAQ
아미코젠,092040,KOSDAQ
큐알티,405100,KOSDAQ
강원에너지,114190,KOSDAQ
퓨런티어,370090,KOSDAQ
케이엔솔,053080,KOSDAQ
디에스케이,109740,KOSDAQ
선진뷰티사이언스,086710,KOSDAQ
KG모빌리언스,046440,KOSDAQ
엘오티베큠,083310,KOSDAQ
마이크로디지탈,305090,KOSDAQ
에어레인,163280,KOSDAQ
씨티씨바이오,060590,KOSDAQ
스마트레이더시스템,424960,KOSDAQ
동구바이오제약,006620,KOSDAQ
CG인바이츠,083790,KOSDAQ
에이치이엠파마,376270,KOSDAQ
애니플러스,310200,KOSDAQ
금화피에스시,036190,KOSDAQ
일진파워,094820,KOSDAQ
루미르,474170,KOSDAQ
코다코,046070,KOSDAQ
한국파마,032300,KOSDAQ
티움바이오,321550,KOSDAQ
미래컴퍼니,049950,KOSDAQ
대진첨단소재,393970,KOSDAQ
크레버스,096240,KOSDAQ
슈피겐코리아,192440,KOSDAQ
현대에버다임,041440,KOSDAQ
마음AI,377480,KOSDAQ
더네이쳐홀딩스,298540,KOSDAQ
톱텍,108230,KOSDAQ
광무,029480,KOSDAQ
인크레더블버즈,064090,KOSDAQ
국전약품,307750,KOSDAQ
와이엠티,251370,KOSDAQ
에이스테크,088800,KOSDAQ
자이언트스텝,289220,KOSDAQ
신흥에스이씨,243840,KOSDAQ
동국S&C,100130,KOSDAQ
라파스,214260,KOSDAQ
일승,333430,KOSDAQ
인피니트헬스케어,071200,KOSDAQ
에이럭스,475580,KOSDAQ
지어소프트,051160,KOSDAQ
대봉엘에스,078140,KOSDAQ
지투파워,388050,KOSDAQ
하나기술,299030,KOSDAQ
에스텍,069510,KOSDAQ
그리드위즈,453450,KOSDAQ
DMS,068790,KOSDAQ
온코크로스,382150,KOSDAQ
보성파워텍,006910,KOSDAQ
엑셈,205100,KOSDAQ
현대이지웰,090850,KOSDAQ
동국생명과학,303810,KOSDAQ
서울바이오시스,092190,KOSDAQ
와이바이오로직스,338840,KOSDAQ
이랜시스,264850,KOSDAQ
딥노이드,315640,KOSDAQ
고려신용정보,049720,KOSDAQ
대원미디어,048910,KOSDAQ
컨텍,451760,KOSDAQ
범한퓨얼셀,382900,KOSDAQ
메타바이오메드,059210,KOSDAQ
알에스오토메이션,140670,KOSDAQ
엔바이오니아,317870,KOSDAQ
이엔셀,456070,KOSDAQ
에르코스,435570,KOSDAQ
나인테크,267320,KOSDAQ
윈스테크넷,136540,KOSDAQ
특수건설,026150,KOSDAQ
한양디지텍,078350,KOSDAQ
파세코,037070,KOSDAQ
포니링크,064800,KOSDAQ
한일사료,005860,KOSDAQ
팜스토리,027710,KOSDAQ
리드코프,012700,KOSDAQ
매일홀딩스,005990,KOSDAQ
보광산업,225530,KOSDAQ
아톤,158430,KOSDAQ
서울옥션,063170,KOSDAQ
마이크로컨텍솔,098120,KOSDAQ
드림어스컴퍼니,060570,KOSDAQ
컴투스홀딩스,063080,KOSDAQ
케이엔제이,272110,KOSDAQ
테고사이언스,191420,KOSDAQ
오스테오닉,226400,KOSDAQ
이노와이어리스,073490,KOSDAQ
샌즈랩,411080,KOSDAQ
엠에스오토텍,123040,KOSDAQ
티이엠씨,425040,KOSDAQ
디알텍,214680,KOSDAQ
엑시콘,092870,KOSDAQ
원준,382840,KOSDAQ
코윈테크,282880,KOSDAQ
에이치엔에스하이텍,044990,KOSDAQ
현대바이오랜드,052260,KOSDAQ
바이오에프디엔씨,251120,KOSDAQ
에스비비테크,389500,KOSDAQ
양지사,030960,KOSDAQ
이엠코리아,095190,KOSDAQ
HLB바이오스텝,278650,KOSDAQ
지앤비에스 에코,382800,KOSDAQ
금양그린파워,282720,KOSDAQ
YTN,040300,KOSDAQ
인트론바이오,048530,KOSDAQ
티케이케미칼,104480,KOSDAQ
LK삼양,225190,KOSDAQ
디케이티,290550,KOSDAQ
제노코,361390,KOSDAQ
레이,228670,KOSDAQ
수젠텍,253840,KOSDAQ
삼보판지,023600,KOSDAQ
SM C&C,048550,KOSDAQ
도이치모터스,067990,KOSDAQ
워트,396470,KOSDAQ
헬릭스미스,084990,KOSDAQ
넥써쓰,205500,KOSDAQ
아바텍,149950,KOSDAQ
케이씨에스,115500,KOSDAQ
시스웍,269620,KOSDAQ
나우IB,293580,KOSDAQ
제이스코홀딩스,023440,KOSDAQ
국보디자인,066620,KOSDAQ
쎄크,081180,KOSDAQ
이랜텍,054210,KOSDAQ
엘케이켐,489500,KOSDAQ
한국비티비,219750,KOSDAQ
아이텍,119830,KOSDAQ
원익피앤이,217820,KOSDAQ
레뷰코퍼레이션,443250,KOSDAQ
오성첨단소재,052420,KOSDAQ
하이텍팜,106190,KOSDAQ
CJ 바이오사이언스,311690,KOSDAQ
푸른저축은행,007330,KOSDAQ
KT밀리의서재,418470,KOSDAQ
엠디바이스,226590,KOSDAQ
헥토파이낸셜,234340,KOSDAQ
꿈비,407400,KOSDAQ
모티브링크,463480,KOSDAQ
메가스터디,072870,KOSDAQ
메카로,241770,KOSDAQ
농우바이오,054050,KOSDAQ
씨앤지하이테크,264660,KOSDAQ
한국경제TV,039340,KOSDAQ
아이엠비디엑스,461030,KOSDAQ
싸이맥스,160980,KOSDAQ
넥스트칩,396270,KOSDAQ
이지케어텍,099750,KOSDAQ
나노팀,417010,KOSDAQ
네패스아크,330860,KOSDAQ
코리아에프티,123410,KOSDAQ
한선엔지니어링,452280,KOSDAQ
휴먼테크놀로지,175140,KOSDAQ
제룡산업,147830,KOSDAQ
엑스페릭스,317770,KOSDAQ
선광,003100,KOSDAQ
셀바스헬스케어,208370,KOSDAQ
케이알엠,093640,KOSDAQ
대보마그네틱,290670,KOSDAQ
퓨처코어,151910,KOSDAQ
한국피아이엠,448900,KOSDAQ
엘앤케이바이오,156100,KOSDAQ
인텍플러스,064290,KOSDAQ
KT지니뮤직,043610,KOSDAQ
디엔에프,092070,KOSDAQ
우수AMS,066590,KOSDAQ
SBI인베스트먼트,019550,KOSDAQ
3S,060310,KOSDAQ
진로발효,018120,KOSDAQ
PS일렉트로닉스,332570,KOSDAQ
유라테크,048430,KOSDAQ
에코플라스틱,038110,KOSDAQ
씨씨에스,066790,KOSDAQ
우리바이오,082850,KOSDAQ
메드팩토,235980,KOSDAQ
크리스탈신소재,900250,KOSDAQ
신테카바이오,226330,KOSDAQ
에이에스텍,453860,KOSDAQ
쎌바이오텍,049960,KOSDAQ
플리토,300080,KOSDAQ
와이엔텍,067900,KOSDAQ
비씨엔씨,146320,KOSDAQ
유아이엘,049520,KOSDAQ
캔버스엔,210120,KOSDAQ
SBI핀테크솔루션즈,950110,KOSDAQ
에코아이,448280,KOSDAQ
아모텍,052710,KOSDAQ
위너스,479960,KOSDAQ
에이티넘인베스트,021080,KOSDAQ
청담글로벌,362320,KOSDAQ
코웰패션,033290,KOSDAQ
조이시티,067000,KOSDAQ
코세스,089890,KOSDAQ
플래스크,041590,KOSDAQ
켐트로스,220260,KOSDAQ
빅텍,065450,KOSDAQ
티쓰리,204610,KOSDAQ
메디아나,041920,KOSDAQ
인포바인,115310,KOSDAQ
상지건설,042940,KOSDAQ
삐아,451250,KOSDAQ
디이엔티,079810,KOSDAQ
폴라리스AI파마,041910,KOSDAQ
와이제이링크,209640,KOSDAQ
한빛레이저,452190,KOSDAQ
웨이비스,289930,KOSDAQ
피노,033790,KOSDAQ
LS티라유텍,322180,KOSDAQ
유니트론텍,142210,KOSDAQ
뉴프렉스,085670,KOSDAQ
미스터블루,207760,KOSDAQ
와이엠텍,273640,KOSDAQ
MDS테크,086960,KOSDAQ
에스엠씨지,460870,KOSDAQ
나노엔텍,039860,KOSDAQ
풍국주정,023900,KOSDAQ
아진산업,013310,KOSDAQ
리메드,302550,KOSDAQ
화성밸브,039610,KOSDAQ
레이언스,228850,KOSDAQ
강스템바이오텍,217730,KOSDAQ
다산네트웍스,039560,KOSDAQ
그린리소스,402490,KOSDAQ
인성정보,033230,KOSDAQ
위닉스,044340,KOSDAQ
테라젠이텍스,066700,KOSDAQ
DXVX,180400,KOSDAQ
유비쿼스,264450,KOSDAQ
토마토시스템,393210,KOSDAQ
에스트래픽,234300,KOSDAQ
한스바이오메드,042520,KOSDAQ
모베이스전자,012860,KOSDAQ
알에프텍,061040,KOSDAQ
스톰테크,352090,KOSDAQ
덴티스,261200,KOSDAQ
에이아이코리아,364950,KOSDAQ
태웅로직스,124560,KOSDAQ
스튜디오미르,408900,KOSDAQ
크라우드웍스,355390,KOSDAQ
베뉴지,019010,KOSDAQ
제이아이테크,417500,KOSDAQ
티앤알바이오팹,246710,KOSDAQ
핑거,163730,KOSDAQ
삼아제약,009300,KOSDAQ
예스24,053280,KOSDAQ
크레오에스지,040350,KOSDAQ
세명전기,017510,KOSDAQ
세보엠이씨,011560,KOSDAQ
LB인베스트먼트,309960,KOSDAQ
솔디펜스,215090,KOSDAQ
크리스에프앤씨,110790,KOSDAQ
삼륭물산,014970,KOSDAQ
제이씨현시스템,033320,KOSDAQ
티에스아이,277880,KOSDAQ
상상인,038540,KOSDAQ
에스유앤피,019590,KOSDAQ
홈센타홀딩스,060560,KOSDAQ
라온시큐어,042510,KOSDAQ
세운메디칼,100700,KOSDAQ
에이스토리,241840,KOSDAQ
에이치피오,357230,KOSDAQ
대성창투,027830,KOSDAQ
빅솔론,093190,KOSDAQ
초록뱀미디어,047820,KOSDAQ
M83,476080,KOSDAQ
HLB제넥스,187420,KOSDAQ
코아스템켐온,166480,KOSDAQ
솔본,035610,KOSDAQ
아모그린텍,125210,KOSDAQ
팅크웨어,084730,KOSDAQ
엠투아이,347890,KOSDAQ
라온테크,232680,KOSDAQ
KNN,058400,KOSDAQ
남화산업,111710,KOSDAQ
고스트스튜디오,950190,KOSDAQ
오이솔루션,138080,KOSDAQ
제로투세븐,159580,KOSDAQ
KCC건설,021320,KOSDAQ
레이저옵텍,199550,KOSDAQ
우리손에프앤지,073560,KOSDAQ
트루엔,417790,KOSDAQ
지엘팜텍,204840,KOSDAQ
코츠테크놀로지,448710,KOSDAQ
엠게임,058630,KOSDAQ
한송네오텍,226440,KOSDAQ
시지메드텍,056090,KOSDAQ
셀리드,299660,KOSDAQ
큐라티스,348080,KOSDAQ
비아트론,141000,KOSDAQ
대한뉴팜,054670,KOSDAQ
하이딥,365590,KOSDAQ
버킷스튜디오,066410,KOSDAQ
케이옥션,102370,KOSDAQ
이건홀딩스,039020,KOSDAQ
네온테크,306620,KOSDAQ
옵투스제약,131030,KOSDAQ
엔지켐생명과학,183490,KOSDAQ
서원인텍,093920,KOSDAQ
부방,014470,KOSDAQ
휴비츠,065510,KOSDAQ
삼기에너지솔루션즈,419050,KOSDAQ
아이비김영,339950,KOSDAQ
아이디스홀딩스,054800,KOSDAQ
iMBC,052220,KOSDAQ
APS,054620,KOSDAQ
제닉스,381620,KOSDAQ
싸이토젠,217330,KOSDAQ
엘티씨,170920,KOSDAQ
라온텍,418420,KOSDAQ
HLB파나진,046210,KOSDAQ
라온피플,300120,KOSDAQ
유라클,088340,KOSDAQ
아셈스,136410,KOSDAQ
메쎄이상,408920,KOSDAQ
삼보모터스,053700,KOSDAQ
신스틸,162300,KOSDAQ
엠플러스,259630,KOSDAQ
아이진,185490,KOSDAQ
대정화금,120240,KOSDAQ
중앙백신,072020,KOSDAQ
스맥,099440,KOSDAQ
안국약품,001540,KOSDAQ
새로닉스,042600,KOSDAQ
블랙야크아이앤씨,478560,KOSDAQ
코스맥스엔비티,222040,KOSDAQ
로보로보,215100,KOSDAQ
엔브이에이치코리아,067570,KOSDAQ
하이로닉,149980,KOSDAQ
SDN,099220,KOSDAQ
상신이디피,091580,KOSDAQ
코칩,126730,KOSDAQ
코리아나,027050,KOSDAQ
정상제이엘에스,040420,KOSDAQ
비아이매트릭스,413640,KOSDAQ
퓨릿,445180,KOSDAQ
선바이오,067370,KOSDAQ
바이오스마트,038460,KOSDAQ
와이랩,432430,KOSDAQ
샤페론,378800,KOSDAQ
서플러스글로벌,140070,KOSDAQ
유성티엔에스,024800,KOSDAQ
한국선재,025550,KOSDAQ
신신제약,002800,KOSDAQ
탑코미디어,134580,KOSDAQ
에이팩트,200470,KOSDAQ
유비벨록스,089850,KOSDAQ
공구우먼,366030,KOSDAQ
케이피에프,024880,KOSDAQ
야스,255440,KOSDAQ
한국첨단소재,062970,KOSDAQ
고바이오랩,348150,KOSDAQ
파로스아이바이오,388870,KOSDAQ
차이커뮤니케이션,351870,KOSDAQ
인크로스,216050,KOSDAQ
컴퍼니케이,307930,KOSDAQ
오킨스전자,080580,KOSDAQ
홈캐스트,064240,KOSDAQ
화일약품,061250,KOSDAQ
광림,014200,KOSDAQ
엠오티,413390,KOSDAQ
비트맥스,377030,KOSDAQ
제이엔케이글로벌,126880,KOSDAQ
에스엠코어,007820,KOSDAQ
옵티코어,380540,KOSDAQ
수성웹툰,084180,KOSDAQ
엑시온그룹,069920,KOSDAQ
데이원컴퍼니,373160,KOSDAQ
엔에스이엔엠,078860,KOSDAQ
제이씨케미칼,137950,KOSDAQ
노브랜드,145170,KOSDAQ
피앤에스미캐닉스,460940,KOSDAQ
위츠,459100,KOSDAQ
케이엔에스,432470,KOSDAQ
지아이텍,382480,KOSDAQ
경남스틸,039240,KOSDAQ
동아화성,041930,KOSDAQ
노을,376930,KOSDAQ
코메론,049430,KOSDAQ
에스넷,038680,KOSDAQ
코어라인소프트,384470,KOSDAQ
오파스넷,173130,KOSDAQ
현대공업,170030,KOSDAQ
CBI,013720,KOSDAQ
에이프로,262260,KOSDAQ
프롬바이오,377220,KOSDAQ
우리산업,215360,KOSDAQ
타이거일렉,219130,KOSDAQ
창해에탄올,004650,KOSDAQ
비트컴퓨터,032850,KOSDAQ
소노스퀘어,007720,KOSDAQ
아이에스티이,212710,KOSDAQ
녹십자엠에스,142280,KOSDAQ
한울소재과학,091440,KOSDAQ
수산아이앤티,050960,KOSDAQ
민테크,452200,KOSDAQ
레몬,294140,KOSDAQ
정다운,208140,KOSDAQ
차백신연구소,261780,KOSDAQ
HLB펩,196300,KOSDAQ
서한,011370,KOSDAQ
피엔케이피부임상연구센타,347740,KOSDAQ
새빗켐,107600,KOSDAQ
세종텔레콤,036630,KOSDAQ
피제이전자,006140,KOSDAQ
위더스제약,330350,KOSDAQ
제노레이,122310,KOSDAQ
에이비프로바이오,195990,KOSDAQ
씨티케이,260930,KOSDAQ
HRS,036640,KOSDAQ
그린플러스,186230,KOSDAQ
참좋은여행,094850,KOSDAQ
지오엘리먼트,311320,KOSDAQ
에스피시스템스,317830,KOSDAQ
센코,347000,KOSDAQ
이엘씨,041520,KOSDAQ
지놈앤컴퍼니,314130,KOSDAQ
비엠티,086670,KOSDAQ
지에스이,053050,KOSDAQ
영화테크,265560,KOSDAQ
성호전자,043260,KOSDAQ
진양제약,007370,KOSDAQ
SV인베스트먼트,289080,KOSDAQ
블루엠텍,439580,KOSDAQ
엘컴텍,037950,KOSDAQ
라이온켐텍,171120,KOSDAQ
중앙에너비스,000440,KOSDAQ
에프엔에스테크,083500,KOSDAQ
자연과환경,043910,KOSDAQ
좋은사람들,033340,KOSDAQ
세코닉스,053450,KOSDAQ
서울평가정보,036120,KOSDAQ
이브이첨단소재,131400,KOSDAQ
우듬지팜,403490,KOSDAQ
세토피아,222810,KOSDAQ
재영솔루텍,049630,KOSDAQ
제일엠앤에스,412540,KOSDAQ
SKAI,357880,KOSDAQ
아미노로직스,074430,KOSDAQ
코렌텍,104540,KOSDAQ
국순당,043650,KOSDAQ
JW신약,067290,KOSDAQ
네오크레마,311390,KOSDAQ
메가터치,446540,KOSDAQ
위지트,036090,KOSDAQ
엠투엔,033310,KOSDAQ
링네트,042500,KOSDAQ
팬젠,222110,KOSDAQ
아이엘,307180,KOSDAQ
시공테크,020710,KOSDAQ
NPX,222160,KOSDAQ
베노티앤알,206400,KOSDAQ
라이콤,388790,KOSDAQ
미래에셋드림스팩1호,442900,KOSDAQ
키이스트,054780,KOSDAQ
코아시아,045970,KOSDAQ
에프앤가이드,064850,KOSDAQ
아이엠티,451220,KOSDAQ
한울반도체,320000,KOSDAQ
에스퓨얼셀,288620,KOSDAQ
이노메트리,302430,KOSDAQ
모비스,250060,KOSDAQ
금강철강,053260,KOSDAQ
흥국에프엔비,189980,KOSDAQ
신일제약,012790,KOSDAQ
피에스텍,002230,KOSDAQ
데이타솔루션,263800,KOSDAQ
케이엔알시스템,199430,KOSDAQ
아이씨디,040910,KOSDAQ
한컴위드,054920,KOSDAQ
아이에이,038880,KOSDAQ
디케이락,105740,KOSDAQ
하이드로리튬,101670,KOSDAQ
내츄럴엔도텍,168330,KOSDAQ
오픈베이스,049480,KOSDAQ
웨이브일렉트로,095270,KOSDAQ
스톤브릿지벤처스,330730,KOSDAQ
티플랙스,081150,KOSDAQ
위드텍,348350,KOSDAQ
위메이드플레이,123420,KOSDAQ
슈프리마에이치큐,094840,KOSDAQ
엔피,291230,KOSDAQ
KS인더스트리,101000,KOSDAQ
옵티팜,153710,KOSDAQ
한국컴퓨터,054040,KOSDAQ
디와이디,219550,KOSDAQ
디바이스,187870,KOSDAQ
큐에스아이,066310,KOSDAQ
나이스디앤비,130580,KOSDAQ
티비씨,033830,KOSDAQ
노랑풍선,104620,KOSDAQ
피제이메탈,128660,KOSDAQ
덕신이피씨,090410,KOSDAQ
심플랫폼,444530,KOSDAQ
한성크린텍,066980,KOSDAQ
미래생명자원,218150,KOSDAQ
엔젯,419080,KOSDAQ
한국전자인증,041460,KOSDAQ
아크솔루션스,203690,KOSDAQ
삼양케이씨아이,036670,KOSDAQ
이닉스,452400,KOSDAQ
엔시스,333620,KOSDAQ
오리콤,010470,KOSDAQ
희림,037440,KOSDAQ
알비더블유,361570,KOSDAQ
덕우전자,263600,KOSDAQ
코콤,015710,KOSDAQ
우리넷,115440,KOSDAQ
소마젠,950200,KOSDAQ
라메디텍,462510,KOSDAQ
아진엑스텍,059120,KOSDAQ
드림씨아이에스,223250,KOSDAQ
엑스플러스,373200,KOSDAQ
유신,054930,KOSDAQ
유니테크노,241690,KOSDAQ
다보링크,340360,KOSDAQ
오르비텍,046120,KOSDAQ
인스피언,465480,KOSDAQ
블리츠웨이엔터테인먼트,369370,KOSDAQ
에이엘티,172670,KOSDAQ
한국가구,004590,KOSDAQ
우림피티에스,101170,KOSDAQ
강동씨앤엘,198440,KOSDAQ
삼현철강,017480,KOSDAQ
모베이스,101330,KOSDAQ
동일금속,109860,KOSDAQ
대주산업,003310,KOSDAQ
액토즈소프트,052790,KOSDAQ
모델솔루션,417970,KOSDAQ
오상자이엘,053980,KOSDAQ
에코볼트,097780,KOSDAQ
심텍홀딩스,036710,KOSDAQ
하스,450330,KOSDAQ
잉크테크,049550,KOSDAQ
조광ILI,044060,KOSDAQ
삼영엠텍,054540,KOSDAQ
에이텍모빌리티,224110,KOSDAQ
알체라,347860,KOSDAQ
보라티알,250000,KOSDAQ
한일단조,024740,KOSDAQ
화인써키트,127980,KOSDAQ
테라사이언스,073640,KOSDAQ
에스씨디,042110,KOSDAQ
유니크,011320,KOSDAQ
코닉오토메이션,391710,KOSDAQ
TS인베스트먼트,246690,KOSDAQ
한켐,457370,KOSDAQ
케이이엠텍,106080,KOSDAQ
플레이디,237820,KOSDAQ
SM Life Design,063440,KOSDAQ
저스템,417840,KOSDAQ
원익,032940,KOSDAQ
아이큐어,175250,KOSDAQ
쓰리에이로직스,177900,KOSDAQ
와이어블,065530,KOSDAQ
알엔투테크놀로지,148250,KOSDAQ
씨앤투스,352700,KOSDAQ
SCL사이언스,246960,KOSDAQ
오로라,039830,KOSDAQ
예림당,036000,KOSDAQ
한싹,430690,KOSDAQ
이녹스,088390,KOSDAQ
폴라리스세원,234100,KOSDAQ
해성에어로보틱스,059270,KOSDAQ
브이원텍,251630,KOSDAQ
TJ미디어,032540,KOSDAQ
포인트엔지니어링,256630,KOSDAQ
진시스템,363250,KOSDAQ
이삭엔지니어링,351330,KOSDAQ
엔에프씨,265740,KOSDAQ
린드먼아시아,277070,KOSDAQ
엔지스테크널러지,208860,KOSDAQ
대모,317850,KOSDAQ
제이스텍,090470,KOSDAQ
티디에스팜,464280,KOSDAQ
KBI메탈,024840,KOSDAQ
대한광통신,010170,KOSDAQ
서남,294630,KOSDAQ
성도이엔지,037350,KOSDAQ
와이엠씨,155650,KOSDAQ
에이치엘사이언스,239610,KOSDAQ
푸른기술,094940,KOSDAQ
사이냅소프트,466410,KOSDAQ
에이치시티,072990,KOSDAQ
바이오포트,188040,KOSDAQ
아비코전자,036010,KOSDAQ
코데즈컴바인,047770,KOSDAQ
네오오토,212560,KOSDAQ
현대에이치티,039010,KOSDAQ
딥마인드,223310,KOSDAQ
FSN,214270,KOSDAQ
하츠,066130,KOSDAQ
미트박스,475460,KOSDAQ
현대ADM,187660,KOSDAQ
세아메카닉스,396300,KOSDAQ
서린바이오,038070,KOSDAQ
AP헬스케어,109960,KOSDAQ
알리코제약,260660,KOSDAQ
이스트에이드,239340,KOSDAQ
케이엔더블유,105330,KOSDAQ
흥국,010240,KOSDAQ
바이브컴퍼니,301300,KOSDAQ
상보,027580,KOSDAQ
윙입푸드,900340,KOSDAQ
탑엔지니어링,065130,KOSDAQ
퀀타매트릭스,317690,KOSDAQ
포스뱅크,105760,KOSDAQ
우리로,046970,KOSDAQ
아모센스,357580,KOSDAQ
프로이천,321260,KOSDAQ
브리지텍,064480,KOSDAQ
케이엘넷,039420,KOSDAQ
구영테크,053270,KOSDAQ
서울리거,043710,KOSDAQ
KH 미래물산,111870,KOSDAQ
NEW,160550,KOSDAQ
큐라클,365270,KOSDAQ
케이사인,192250,KOSDAQ
에이치엠넥스,036170,KOSDAQ
모바일어플라이언스,087260,KOSDAQ
대성하이텍,129920,KOSDAQ
세원물산,024830,KOSDAQ
대창솔루션,096350,KOSDAQ
YBM넷,057030,KOSDAQ
RF시스템즈,474610,KOSDAQ
웰크론,065950,KOSDAQ
케어랩스,263700,KOSDAQ
경창산업,024910,KOSDAQ
대원,007680,KOSDAQ
디에이피,066900,KOSDAQ
더블유에스아이,299170,KOSDAQ
위세아이텍,065370,KOSDAQ
웨이버스,336060,KOSDAQ
아이디피,332370,KOSDAQ
지니너스,389030,KOSDAQ
나무기술,242040,KOSDAQ
에코바이오,038870,KOSDAQ
아스플로,159010,KOSDAQ
KH 건설,226360,KOSDAQ
아이빔테크놀로지,460470,KOSDAQ
산돌,419120,KOSDAQ
제일바이오,052670,KOSDAQ
아스타,246720,KOSDAQ
대륙제관,004780,KOSDAQ
디지틀조선,033130,KOSDAQ
포시에스,189690,KOSDAQ
이렘,009730,KOSDAQ
링크제니시스,219420,KOSDAQ
에이테크솔루션,071670,KOSDAQ
바이젠셀,308080,KOSDAQ
티사이언티픽,057680,KOSDAQ
제너셈,217190,KOSDAQ
셀로맥스사이언스,471820,KOSDAQ
이글루,067920,KOSDAQ
닷밀,464580,KOSDAQ
윈팩,097800,KOSDAQ
코디,080530,KOSDAQ
디알젬,263690,KOSDAQ
옴니시스템,057540,KOSDAQ
블루콤,033560,KOSDAQ
인스웨이브,450520,KOSDAQ
팬엔터테인먼트,068050,KOSDAQ
제이투케이바이오,420570,KOSDAQ
메이슨캐피탈,021880,KOSDAQ
티이엠씨씨엔에스,241790,KOSDAQ
대림제지,017650,KOSDAQ
디티씨,066670,KOSDAQ
씨엔알리서치,359090,KOSDAQ
스코넥,276040,KOSDAQ
CNT85,056730,KOSDAQ
와이오엠,066430,KOSDAQ
에너토크,019990,KOSDAQ
인지디스플레,037330,KOSDAQ
시그네틱스,033170,KOSDAQ
옵트론텍,082210,KOSDAQ
DGI,099520,KOSDAQ
파수,150900,KOSDAQ
가온그룹,078890,KOSDAQ
오픈놀,440320,KOSDAQ
한국팩키지,037230,KOSDAQ
이글벳,044960,KOSDAQ
버넥트,438700,KOSDAQ
EDGC,245620,KOSDAQ
삼천리자전거,024950,KOSDAQ
오비고,352910,KOSDAQ
HB인베스트먼트,440290,KOSDAQ
넥스트아이,137940,KOSDAQ
성우전자,081580,KOSDAQ
대유,290380,KOSDAQ
피엔에이치테크,239890,KOSDAQ
태양,053620,KOSDAQ
에프엔씨엔터,173940,KOSDAQ
아이티센엔텍,010280,KOSDAQ
씨유테크,376290,KOSDAQ
마이크로투나노,424980,KOSDAQ
다원넥스뷰,323350,KOSDAQ
형지I&C,011080,KOSDAQ
픽셀플러스,087600,KOSDAQ
램테크놀러지,171010,KOSDAQ
나노실리칸첨단소재,286750,KOSDAQ
트윔,290090,KOSDAQ
일지테크,019540,KOSDAQ
신화인터텍,056700,KOSDAQ
모니터랩,434480,KOSDAQ
애머릿지,900100,KOSDAQ
셀바이오휴먼텍,318160,KOSDAQ
아이지넷,462980,KOSDAQ
율호,072770,KOSDAQ
에스코넥,096630,KOSDAQ
코위버,056360,KOSDAQ
캐리,313760,KOSDAQ
나라엠앤디,051490,KOSDAQ
진매트릭스,109820,KOSDAQ
프리엠스,053160,KOSDAQ
SGC E&C,016250,KOSDAQ
엘엠에스,073110,KOSDAQ
디티앤씨알오,383930,KOSDAQ
우원개발,046940,KOSDAQ
마니커에프앤지,195500,KOSDAQ
피플바이오,304840,KOSDAQ
러셀,217500,KOSDAQ
토탈소프트,045340,KOSDAQ
에스디생명공학,217480,KOSDAQ
제일테크노스,038010,KOSDAQ
모비데이즈,363260,KOSDAQ
원티드랩,376980,KOSDAQ
효성오앤비,097870,KOSDAQ
유일에너테크,340930,KOSDAQ
이엠넷,123570,KOSDAQ
미투온,201490,KOSDAQ
비투엔,307870,KOSDAQ
인포뱅크,039290,KOSDAQ
쎄니트,037760,KOSDAQ
SG&G,040610,KOSDAQ
동우팜투테이블,088910,KOSDAQ
지더블유바이텍,036180,KOSDAQ
이상네트웍스,080010,KOSDAQ
원익큐브,014190,KOSDAQ
캠시스,050110,KOSDAQ
CSA 코스믹,083660,KOSDAQ
코스텍시스,355150,KOSDAQ
고려제약,014570,KOSDAQ
미디어젠,279600,KOSDAQ
삼화네트웍스,046390,KOSDAQ
알파녹스,043100,KOSDAQ
액트로,290740,KOSDAQ
머큐리,100590,KOSDAQ
동아엘텍,088130,KOSDAQ
시큐레터,418250,KOSDAQ
와이엠,007530,KOSDAQ
오하임앤컴퍼니,309930,KOSDAQ
파라텍,033540,KOSDAQ
파인디앤씨,049120,KOSDAQ
그리티,204020,KOSDAQ
형지글로벌,308100,KOSDAQ
엠젠솔루션,032790,KOSDAQ
엔피디,198080,KOSDAQ
이오플로우,294090,KOSDAQ
EG,037370,KOSDAQ
KX하이텍,052900,KOSDAQ
현우산업,092300,KOSDAQ
자이글,234920,KOSDAQ
알에프세미,096610,KOSDAQ
일월지엠엘,178780,KOSDAQ
넥사다이내믹스,351320,KOSDAQ
푸드웰,005670,KOSDAQ
케이쓰리아이,431190,KOSDAQ
에쎈테크,043340,KOSDAQ
엔비티,236810,KOSDAQ
인지소프트,100030,KOSDAQ
경남제약,053950,KOSDAQ
한네트,052600,KOSDAQ
와이즈버즈,273060,KOSDAQ
캐리소프트,317530,KOSDAQ
메가엠디,133750,KOSDAQ
대성파인텍,104040,KOSDAQ
벡트,457600,KOSDAQ
이노뎁,303530,KOSDAQ
승일,049830,KOSDAQ
한독크린텍,256150,KOSDAQ
옵티시스,109080,KOSDAQ
파워넷,037030,KOSDAQ
테크엘,064520,KOSDAQ
파이오링크,170790,KOSDAQ
제이엔비,452160,KOSDAQ
모아라이프플러스,142760,KOSDAQ
동방선기,099410,KOSDAQ
컬러레이,900310,KOSDAQ
자비스,254120,KOSDAQ
알피바이오,314140,KOSDAQ
아이씨에이치,368600,KOSDAQ
코셈,360350,KOSDAQ
앤디포스,238090,KOSDAQ
센서뷰,321370,KOSDAQ
원풍,008370,KOSDAQ
앱코,129890,KOSDAQ
셀루메드,049180,KOSDAQ
글로본,019660,KOSDAQ
화신정공,126640,KOSDAQ
뉴트리,270870,KOSDAQ
오토앤,353590,KOSDAQ
우양,103840,KOSDAQ
일신바이오,068330,KOSDAQ
에이루트,096690,KOSDAQ
팸텍,271830,KOSDAQ
씨피시스템,413630,KOSDAQ
카티스,140430,KOSDAQ
텔콘RF제약,200230,KOSDAQ
삼성스팩8호,448740,KOSDAQ
핸디소프트,220180,KOSDAQ
아이톡시,052770,KOSDAQ
비비씨,318410,KOSDAQ
케이피엠테크,042040,KOSDAQ
푸드나무,290720,KOSDAQ
코스나인,082660,KOSDAQ
인산가,277410,KOSDAQ
유에스티,263770,KOSDAQ
피코그램,376180,KOSDAQ
큐캐피탈,016600,KOSDAQ
위즈코프,038620,KOSDAQ
엔텔스,069410,KOSDAQ
우리산업홀딩스,072470,KOSDAQ
포인트모바일,318020,KOSDAQ
알파칩스,117670,KOSDAQ
TKG애강,022220,KOSDAQ
네이블,153460,KOSDAQ
휴엠앤씨,263920,KOSDAQ
휴맥스,115160,KOSDAQ
팬스타엔터프라이즈,054300,KOSDAQ
케일럼,258610,KOSDAQ
브레인즈컴퍼니,099390,KOSDAQ
스페코,013810,KOSDAQ
아세아텍,050860,KOSDAQ
바이오톡스텍,086040,KOSDAQ
아이즈비전,031310,KOSDAQ
플랜티넷,075130,KOSDAQ
하나금융25호스팩,435620,KOSDAQ
코맥스,036690,KOSDAQ
케이씨피드,025880,KOSDAQ
RF머트리얼즈,327260,KOSDAQ
얼라인드,238120,KOSDAQ
PN풍년,024940,KOSDAQ
케이디켐,221980,KOSDAQ
뷰티스킨,406820,KOSDAQ
국영지앤엠,006050,KOSDAQ
멕아이씨에스,058110,KOSDAQ
남화토건,091590,KOSDAQ
대신정보통신,020180,KOSDAQ
오브젠,417860,KOSDAQ
더라미,032860,KOSDAQ
제이티,089790,KOSDAQ
백금T&A,046310,KOSDAQ
에코캡,128540,KOSDAQ
대창스틸,140520,KOSDAQ
서암기계공업,100660,KOSDAQ
비씨월드제약,200780,KOSDAQ
동국알앤에스,075970,KOSDAQ
유틸렉스,263050,KOSDAQ
비큐AI,148780,KOSDAQ
씨큐브,101240,KOSDAQ
영림원소프트랩,060850,KOSDAQ
기가레인,049080,KOSDAQ
동일기연,032960,KOSDAQ
모비릭스,348030,KOSDAQ
오션인더블유,052300,KOSDAQ
제놀루션,225220,KOSDAQ
그린생명과학,114450,KOSDAQ
삼기,122350,KOSDAQ
아이퀘스트,262840,KOSDAQ
네오티스,085910,KOSDAQ
아이언디바이스,464500,KOSDAQ
모아텍,033200,KOSDAQ
서연탑메탈,019770,KOSDAQ
서진오토모티브,122690,KOSDAQ
루멘스,038060,KOSDAQ
핑거스토리,417180,KOSDAQ
NE능률,053290,KOSDAQ
NHN벅스,104200,KOSDAQ
대동스틸,048470,KOSDAQ
리더스코스메틱,016100,KOSDAQ
시선AI,340810,KOSDAQ
싸이버원,356890,KOSDAQ
원바이오젠,307280,KOSDAQ
상신전자,263810,KOSDAQ
삼일기업공사,002290,KOSDAQ
이에이트,418620,KOSDAQ
뱅크웨어글로벌,199480,KOSDAQ
카스,016920,KOSDAQ
이루온,065440,KOSDAQ
엠아이큐브솔루션,373170,KOSDAQ
YW,051390,KOSDAQ
오공,045060,KOSDAQ
신라섬유,001000,KOSDAQ
디케이앤디,263020,KOSDAQ
아시아경제,127710,KOSDAQ
케이씨티,089150,KOSDAQ
유니온바이오메트릭스,203450,KOSDAQ
체리부로,066360,KOSDAQ
디젠스,113810,KOSDAQ
모아데이타,288980,KOSDAQ
프로티아,303360,KOSDAQ
엠브레인,169330,KOSDAQ
파인메딕스,387570,KOSDAQ
이원컴포텍,088290,KOSDAQ
본느,226340,KOSDAQ
캡스톤파트너스,452300,KOSDAQ
씨이랩,189330,KOSDAQ
헝셩그룹,900270,KOSDAQ
폴라리스우노,114630,KOSDAQ
코리아에셋투자증권,190650,KOSDAQ
신진에스엠,138070,KOSDAQ
캐스텍코리아,071850,KOSDAQ
씨싸이트,109670,KOSDAQ
쏘닉스,088280,KOSDAQ
에스켐,475660,KOSDAQ
DH오토리드,290120,KOSDAQ
케이웨더,068100,KOSDAQ
삼진,032750,KOSDAQ
서울제약,018680,KOSDAQ
파버나인,177830,KOSDAQ
브릿지바이오테라퓨틱스,288330,KOSDAQ
KBG,318000,KOSDAQ
아이티아이즈,372800,KOSDAQ
아이윈플러스,123010,KOSDAQ
피델릭스,032580,KOSDAQ
포커스에이아이,331380,KOSDAQ
에스제이그룹,306040,KOSDAQ
케이엠,083550,KOSDAQ
코퍼스코리아,322780,KOSDAQ
압타머사이언스,291650,KOSDAQ
KB오토시스,024120,KOSDAQ
네오펙트,290660,KOSDAQ
에이치와이티씨,148930,KOSDAQ
엔투텍,227950,KOSDAQ
누리플렉스,040160,KOSDAQ
빛과전자,069540,KOSDAQ
손오공,066910,KOSDAQ
플라즈맵,405000,KOSDAQ
이지트로닉스,377330,KOSDAQ
카이노스메드,284620,KOSDAQ
서전기전,189860,KOSDAQ
제이엠티,094970,KOSDAQ
힘스,238490,KOSDAQ
파루,043200,KOSDAQ
쎄노텍,222420,KOSDAQ
티엔엔터테인먼트,131100,KOSDAQ
GH신소재,130500,KOSDAQ
지니틱스,303030,KOSDAQ
윙스풋,335870,KOSDAQ
포메탈,119500,KOSDAQ
프럼파스트,035200,KOSDAQ
에스에너지,095910,KOSDAQ
진영,285800,KOSDAQ
뉴온,123840,KOSDAQ
오디텍,080520,KOSDAQ
엔젠바이오,354200,KOSDAQ
빛샘전자,072950,KOSDAQ
신한제11호스팩,452980,KOSDAQ
엑셀세라퓨틱스,373110,KOSDAQ
와토스코리아,079000,KOSDAQ
협진,138360,KOSDAQ
한국큐빅,021650,KOSDAQ
한국맥널티,222980,KOSDAQ
세림B&G,340440,KOSDAQ
유투바이오,221800,KOSDAQ
에스지헬스케어,398120,KOSDAQ
삼성스팩7호,439250,KOSDAQ
핌스,347770,KOSDAQ
썸에이지,208640,KOSDAQ
대한과학,131220,KOSDAQ
누보,332290,KOSDAQ
비스토스,419540,KOSDAQ
소프트센,032680,KOSDAQ
솔트웨어,328380,KOSDAQ
엠에프씨,432980,KOSDAQ
씨유메디칼,115480,KOSDAQ
키네마스터,139670,KOSDAQ
나래나노텍,137080,KOSDAQ
이노시뮬레이션,274400,KOSDAQ
동양파일,228340,KOSDAQ
한창산업,079170,KOSDAQ
플래티어,367000,KOSDAQ
오텍,067170,KOSDAQ
이노룰스,296640,KOSDAQ
아이컴포넌트,059100,KOSDAQ
에코글로우,159910,KOSDAQ
피씨디렉트,051380,KOSDAQ
디에이테크놀로지,196490,KOSDAQ
모코엠시스,333050,KOSDAQ
이화공영,001840,KOSDAQ
진바이오텍,086060,KOSDAQ
드림인사이트,362990,KOSDAQ
신화콘텍,187270,KOSDAQ
파인텍,131760,KOSDAQ
소니드,060230,KOSDAQ
코이즈,121850,KOSDAQ
아우딘퓨쳐스,227610,KOSDAQ
한울앤제주,276730,KOSDAQ
파인디지털,038950,KOSDAQ
에스에이티,060540,KOSDAQ
이씨에스,067010,KOSDAQ
대호특수강,021040,KOSDAQ
무림SP,001810,KOSDAQ
우리이앤엘,153490,KOSDAQ
배럴,267790,KOSDAQ
스튜디오삼익,415380,KOSDAQ
피엔티엠에스,257370,KOSDAQ
에스엘에스바이오,246250,KOSDAQ
아이크래프트,052460,KOSDAQ
에이텀,355690,KOSDAQ
삼보산업,009620,KOSDAQ
아이앤씨,052860,KOSDAQ
한일화학,007770,KOSDAQ
휴네시온,290270,KOSDAQ
율촌,146060,KOSDAQ
디티앤씨,187220,KOSDAQ
모헨즈,006920,KOSDAQ
알로이스,297570,KOSDAQ
ES큐브,050120,KOSDAQ
로지시스,067730,KOSDAQ
한빛소프트,047080,KOSDAQ
링크드,193250,KOSDAQ
세화피앤씨,252500,KOSDAQ
아이윈,090150,KOSDAQ
넥스턴바이오,089140,KOSDAQ
포톤,208710,KOSDAQ
윈하이텍,192390,KOSDAQ
DGP,060900,KOSDAQ
신원종합개발,017000,KOSDAQ
나노,187790,KOSDAQ
디와이씨,310870,KOSDAQ
DH오토웨어,025440,KOSDAQ
한솔인티큐브,070590,KOSDAQ
성창오토텍,080470,KOSDAQ
대성미생물,036480,KOSDAQ
원일특강,012620,KOSDAQ
씨엔플러스,115530,KOSDAQ
한주라이트메탈,198940,KOSDAQ
밸로프,331520,KOSDAQ
조아제약,034940,KOSDAQ
케이바이오,038530,KOSDAQ
하이즈항공,221840,KOSDAQ
시큐브,131090,KOSDAQ
휴림에이텍,078590,KOSDAQ
알티캐스트,085810,KOSDAQ
나라셀라,405920,KOSDAQ
오가닉티코스메틱,900300,KOSDAQ
제이에스티나,026040,KOSDAQ
바른손,018700,KOSDAQ
기산텔레콤,035460,KOSDAQ
부스타,008470,KOSDAQ
디지캡,197140,KOSDAQ
더바이오메드,214610,KOSDAQ
웰크론한텍,076080,KOSDAQ
성우테크론,045300,KOSDAQ
S&K폴리텍,091340,KOSDAQ
TPC,048770,KOSDAQ
바른손이앤에이,035620,KOSDAQ
코아시아씨엠,196450,KOSDAQ
이스트아시아홀딩스,900110,KOSDAQ
아이비젼웍스,469750,KOSDAQ
듀오백,073190,KOSDAQ
신도기연,290520,KOSDAQ
육일씨엔에쓰,191410,KOSDAQ
SGA솔루션즈,184230,KOSDAQ
크린앤사이언스,045520,KOSDAQ
프리시젼바이오,335810,KOSDAQ
셀피글로벌,068940,KOSDAQ
아이스크림에듀,289010,KOSDAQ
엔에이치스팩29호,451700,KOSDAQ
팜스빌,318010,KOSDAQ
우진비앤지,018620,KOSDAQ
유진테크놀로지,240600,KOSDAQ
오스템,031510,KOSDAQ
소프트캠프,258790,KOSDAQ
플레이위드,023770,KOSDAQ
인바이오,352940,KOSDAQ
제넨바이오,072520,KOSDAQ
뉴인텍,012340,KOSDAQ
에스티오,098660,KOSDAQ
휴럼,353190,KOSDAQ
서산,079650,KOSDAQ
바이오인프라,199730,KOSDAQ
딜리,131180,KOSDAQ
비피도,238200,KOSDAQ
아시아종묘,154030,KOSDAQ
아즈텍WB,032080,KOSDAQ
우리엔터프라이즈,037400,KOSDAQ
오에스피,368970,KOSDAQ
정원엔시스,045510,KOSDAQ
제이엠아이,033050,KOSDAQ
이미지스,115610,KOSDAQ
에스폴리텍,050760,KOSDAQ
휴맥스홀딩스,028080,KOSDAQ
피앤씨테크,237750,KOSDAQ
이노진,344860,KOSDAQ
CS,065770,KOSDAQ
티에스넥스젠,043220,KOSDAQ
피엠티,147760,KOSDAQ
세중,039310,KOSDAQ
유디엠텍,389680,KOSDAQ
TS트릴리온,317240,KOSDAQ
선샤인푸드,217620,KOSDAQ
영우디에스피,143540,KOSDAQ
엑스큐어,070300,KOSDAQ
판타지오,032800,KOSDAQ
나노캠텍,091970,KOSDAQ
메디앙스,014100,KOSDAQ
우정바이오,215380,KOSDAQ
동양에스텍,060380,KOSDAQ
풍강,093380,KOSDAQ
레이저쎌,412350,KOSDAQ
KB제27호스팩,464680,KOSDAQ
위니아에이드,377460,KOSDAQ
젠큐릭스,229000,KOSDAQ
신시웨이,290560,KOSDAQ
셀레믹스,331920,KOSDAQ
이엠앤아이,083470,KOSDAQ
에이에프더블류,312610,KOSDAQ
엔시트론,101400,KOSDAQ
한탑,002680,KOSDAQ
리튬포어스,073570,KOSDAQ
삼일,032280,KOSDAQ
브이씨,365900,KOSDAQ
에스씨엠생명과학,298060,KOSDAQ
에스디시스템,121890,KOSDAQ
시지트로닉스,429270,KOSDAQ
나노씨엠에스,247660,KOSDAQ
핀텔,291810,KOSDAQ
신라에스지,025870,KOSDAQ
BF랩스,139050,KOSDAQ
아이티센피엔에스,232830,KOSDAQ
삼영에스앤씨,361670,KOSDAQ
유비온,084440,KOSDAQ
엑사이엔씨,054940,KOSDAQ
패션플랫폼,225590,KOSDAQ
비엘팜텍,065170,KOSDAQ
에스앤더블류,103230,KOSDAQ
스튜디오산타클로스,204630,KOSDAQ
하이퍼코퍼레이션,065650,KOSDAQ
지란지교시큐리티,208350,KOSDAQ
에이치케이,044780,KOSDAQ
한국정보공학,039740,KOSDAQ
대산F&B,065150,KOSDAQ
스타플렉스,115570,KOSDAQ
세종메디칼,258830,KOSDAQ
디모아,016670,KOSDAQ
인콘,083640,KOSDAQ
라닉스,317120,KOSDAQ
토박스코리아,215480,KOSDAQ
글로벌에스엠,900070,KOSDAQ
비츠로시스,054220,KOSDAQ
위니아,071460,KOSDAQ
삼성스팩9호,468510,KOSDAQ
THE E&M,089230,KOSDAQ
애드바이오텍,179530,KOSDAQ
인터엠,017250,KOSDAQ
로스웰,900260,KOSDAQ
한국유니온제약,080720,KOSDAQ
SGA,049470,KOSDAQ
비유테크놀러지,230980,KOSDAQ
네오리진,094860,KOSDAQ
세동,053060,KOSDAQ
뉴보텍,060260,KOSDAQ
케이피티유,054410,KOSDAQ
다산솔루에타,154040,KOSDAQ
티피씨글로벌,130740,KOSDAQ
세진티에스,067770,KOSDAQ
유안타제13호스팩,449020,KOSDAQ
엔피케이,048830,KOSDAQ
전진바이오팜,110020,KOSDAQ
이퓨쳐,134060,KOSDAQ
대동금속,020400,KOSDAQ
원풍물산,008290,KOSDAQ
한국정밀기계,101680,KOSDAQ
에프알텍,073540,KOSDAQ
베셀,177350,KOSDAQ
웹스,196700,KOSDAQ
디에이치엑스컴퍼니,031860,KOSDAQ
알톤,123750,KOSDAQ
동일스틸럭스,023790,KOSDAQ
이엘피,063760,KOSDAQ
골드앤에스,035290,KOSDAQ
케스피온,079190,KOSDAQ
삼진엘앤디,054090,KOSDAQ
KD,044180,KOSDAQ
누리플랜,069140,KOSDAQ
에스아이리소스,065420,KOSDAQ
디지아이,043360,KOSDAQ
엔에이치스팩26호,439410,KOSDAQ
에스에스알,275630,KOSDAQ
국일신동,060480,KOSDAQ
벨로크,424760,KOSDAQ
빌리언스,044480,KOSDAQ
엔에이치스팩30호,466910,KOSDAQ
큐로홀딩스,051780,KOSDAQ
이노인스트루먼트,215790,KOSDAQ
세니젠,188260,KOSDAQ
광진실업,026910,KOSDAQ
엘디티,096870,KOSDAQ
피씨엘,241820,KOSDAQ
유아이디,069330,KOSDAQ
파인테크닉스,106240,KOSDAQ
해성옵틱스,076610,KOSDAQ
웰킵스하이텍,043590,KOSDAQ
더코디,224060,KOSDAQ
씨엑스아이,900120,KOSDAQ
플루토스,019570,KOSDAQ
한주에이알티,058450,KOSDAQ
예선테크,250930,KOSDAQ
대신밸런스제18호스팩,478780,KOSDAQ
미래에셋비전스팩4호,477380,KOSDAQ
엔에이치스팩27호,440820,KOSDAQ
케이엠제약,225430,KOSDAQ
미래에셋비전스팩7호,482680,KOSDAQ
앤씨앤,092600,KOSDAQ
노블엠앤비,106520,KOSDAQ
오늘이엔엠,192410,KOSDAQ
메디콕스,054180,KOSDAQ
대신밸런스제16호스팩,457630,KOSDAQ
신영스팩8호,430220,KOSDAQ
비케이홀딩스,050090,KOSDAQ
에이치엠씨제7호스팩,477340,KOSDAQ
하나30호스팩,469880,KOSDAQ
파커스,065690,KOSDAQ
지엔코,065060,KOSDAQ
퀀텀온,227100,KOSDAQ
하나28호스팩,454750,KOSDAQ
대신밸런스제14호스팩,442310,KOSDAQ
한국제15호스팩,479880,KOSDAQ
인베니아,079950,KOSDAQ
유안타제15호스팩,473050,KOSDAQ
미래에셋비전스팩6호,478440,KOSDAQ
서울전자통신,027040,KOSDAQ
키움제11호스팩,489480,KOSDAQ
셀레스트라,352770,KOSDAQ
바이온,032980,KOSDAQ
드래곤플라이,030350,KOSDAQ
디비금융제13호스팩,489730,KOSDAQ
대신밸런스제17호스팩,471050,KOSDAQ
KB제29호스팩,478390,KOSDAQ
엔에이치스팩31호,481890,KOSDAQ
하나26호스팩,446750,KOSDAQ
미래에셋비전스팩2호,446190,KOSDAQ
교보16호스팩,482520,KOSDAQ
에이디칩스,054630,KOSDAQ
KB제31호스팩,492220,KOSDAQ
키움제8호스팩,446840,KOSDAQ
DB금융스팩12호,477760,KOSDAQ
삼영이엔씨,065570,KOSDAQ
KB제28호스팩,476470,KOSDAQ
하나27호스팩,448370,KOSDAQ
신영스팩9호,445970,KOSDAQ
대신밸런스제19호스팩,482690,KOSDAQ
신한제12호스팩,474660,KOSDAQ
미래에셋비전스팩5호,477470,KOSDAQ
신한제14호스팩,487360,KOSDAQ
장원테크,174880,KOSDAQ
하나31호스팩,469900,KOSDAQ
하나29호스팩,454640,KOSDAQ
KB제30호스팩,486630,KOSDAQ
유안타제16호스팩,474490,KOSDAQ
교보17호스팩,489210,KOSDAQ
엔에이치스팩24호,437780,KOSDAQ
유안타제11호스팩,444920,KOSDAQ
유안타제17호스팩,493790,KOSDAQ
미래에셋비전스팩3호,448830,KOSDAQ
상상인제4호스팩,452670,KOSDAQ
유안타제12호스팩,446150,KOSDAQ
하이제8호스팩,450050,KOSDAQ
에스케이증권제9호스팩,455910,KOSDAQ
한화플러스제4호스팩,455310,KOSDAQ
이베스트스팩6호,478110,KOSDAQ
신영스팩10호,472220,KOSDAQ
한화플러스제5호스팩,498390,KOSDAQ
해성산업1우,03481K,KOSDAQ
유진스팩11호,488060,KOSDAQ
IBKS제22호스팩,448760,KOSDAQ
한국제13호스팩,464440,KOSDAQ
하나34호스팩,484130,KOSDAQ
KB제25호스팩,455250,KOSDAQ
유안타제14호스팩,450940,KOSDAQ
IBKS제23호스팩,467930,KOSDAQ
교보14호스팩,456490,KOSDAQ
IBKS제20호스팩,439730,KOSDAQ
비엔케이제1호스팩,445360,KOSDAQ
한국제12호스팩,458610,KOSDAQ
에스케이증권제13호스팩,473950,KOSDAQ
IBKS제24호스팩,469480,KOSDAQ
IBKS제21호스팩,442770,KOSDAQ
키움제10호스팩,487720,KOSDAQ
신한제15호스팩,487830,KOSDAQ
올리패스,244460,KOSDAQ
유진스팩10호,468760,KOSDAQ
에이치엠씨제6호스팩,462020,KOSDAQ
교보13호스팩,440790,KOSDAQ
에스케이증권제11호스팩,472230,KOSDAQ
비엔케이제2호스팩,473370,KOSDAQ
교보15호스팩,465320,KOSDAQ
하나33호스팩,475250,KOSDAQ
신한제13호스팩,474930,KOSDAQ
유진스팩9호,442130,KOSDAQ
엠에프엠코리아,323230,KOSDAQ
하나32호스팩,475240,KOSDAQ
에스케이증권제12호스팩,473000,KOSDAQ
에스케이증권제10호스팩,457940,KOSDAQ
투비소프트,079970,KOSDAQ
엔에이치스팩25호,438580,KOSDAQ
스타코링크,060240,KOSDAQ
아이엠,101390,KOSDAQ
더테크놀로지,043090,KOSDAQ
CNH,023460,KOSDAQ
대호특수강우,021045,KOSDAQ
소프트센우,032685,KOSDAQ
